gun,FIRST_MAIN_CATEGORY,yorum_sayisi
2024-01-01,Diğer,26
2024-01-01,Kartlar,18
2024-01-01,Alışveriş Kredisi,17
2024-01-01,Mobil Bankacılık,17
2024-01-01,İhtiyaç Kredileri,17
2024-01-02,Getirfinans,22
2024-01-02,Alışveriş Kredisi,21
2024-01-02,Borsa Market,20
2024-01-02,Çağrı Merkezi,20
2024-01-02,ATM,19
2024-01-03,Kurumsal Bankacılık,28
2024-01-03,Borsa Market,24
2024-01-03,Getirfinans,18
2024-01-03,Hızlı Para (KMH),18
2024-01-03,Diğer,17
2024-01-04,Kartlar,27
2024-01-04,Hızlı Para (KMH),25
2024-01-04,Şube,21
2024-01-04,Kurumsal Bankacılık,19
2024-01-04,Diğer,18
2024-01-05,Getirfinans,23
2024-01-05,Kampanyalar,19
2024-01-05,Diğer,18
2024-01-05,Mobil Bankacılık,18
2024-01-05,Fon Market,17
2024-01-06,Hızlı Para (KMH),20
2024-01-06,Kartlar,20
2024-01-06,Görüntülü Bankacılık,18
2024-01-06,FX Market,17
2024-01-06,Çağrı Merkezi,16
2024-01-07,Borsa Market,17
2024-01-07,FX Market,17
2024-01-07,Kartlar,17
2024-01-07,Kampanyalar,16
2024-01-07,Görüntülü Bankacılık,14
2024-01-08,Getirfinans,21
2024-01-08,Şube,20
2024-01-08,ATM,18
2024-01-08,Görüntülü Bankacılık,17
2024-01-08,Çağrı Merkezi,17
2024-01-09,Diğer,19
2024-01-09,Kiraz (Vadeli Hesap),17
2024-01-09,ATM,16
2024-01-09,Fon Market,16
2024-01-09,Kampanyalar,16
2024-01-10,Alışveriş Kredisi,21
2024-01-10,Banka,17
2024-01-10,ATM,16
2024-01-10,FX Market,16
2024-01-10,Getirfinans,16
2024-01-11,ATM,20
2024-01-11,Borsa Market,19
2024-01-11,Kartlar,18
2024-01-11,Banka,17
2024-01-11,FX Market,17
2024-01-12,Banka,21
2024-01-12,Görüntülü Bankacılık,20
2024-01-12,Mobil Bankacılık,19
2024-01-12,Kampanyalar,17
2024-01-12,Kripto Market,17
2024-01-13,Çağrı Merkezi,20
2024-01-13,Borsa Market,19
2024-01-13,Görüntülü Bankacılık,17
2024-01-13,İhtiyaç Kredileri,17
2024-01-13,Alışveriş Kredisi,16
2024-01-14,Şube,22
2024-01-14,Borsa Market,21
2024-01-14,Hızlı Para (KMH),19
2024-01-14,İhtiyaç Kredileri,19
2024-01-14,FX Market,18
2024-01-15,Diğer,25
2024-01-15,Kartlar,21
2024-01-15,Fon Market,19
2024-01-15,Getirfinans,18
2024-01-15,Kampanyalar,18
2024-01-16,ATM,26
2024-01-16,Kripto Market,23
2024-01-16,Kiraz (Vadeli Hesap),20
2024-01-16,Kampanyalar,18
2024-01-16,Mobil Bankacılık,16
2024-01-17,Getirfinans,18
2024-01-17,Kripto Market,18
2024-01-17,Çağrı Merkezi,18
2024-01-17,Banka,17
2024-01-17,Diğer,17
2024-01-18,Çağrı Merkezi,19
2024-01-18,Diğer,17
2024-01-18,İhtiyaç Kredileri,17
2024-01-18,Alışveriş Kredisi,16
2024-01-18,FX Market,16
2024-01-19,Kampanyalar,18
2024-01-19,Kripto Market,18
2024-01-19,ATM,16
2024-01-19,Görüntülü Bankacılık,16
2024-01-19,Kurumsal Bankacılık,16
2024-01-20,Kurumsal Bankacılık,20
2024-01-20,Çağrı Merkezi,20
2024-01-20,İhtiyaç Kredileri,19
2024-01-20,Şube,19
2024-01-20,Hızlı Para (KMH),17
2024-01-21,Getirfinans,22
2024-01-21,Diğer,20
2024-01-21,Hızlı Para (KMH),18
2024-01-21,FX Market,17
2024-01-21,Kampanyalar,17
2024-01-22,FX Market,21
2024-01-22,Kripto Market,21
2024-01-22,Kurumsal Bankacılık,21
2024-01-22,Hızlı Para (KMH),19
2024-01-22,Banka,16
2024-01-23,Kripto Market,23
2024-01-23,Mobil Bankacılık,22
2024-01-23,Şube,18
2024-01-23,FX Market,16
2024-01-23,Hızlı Para (KMH),16
2024-01-24,Mobil Bankacılık,20
2024-01-24,Şube,20
2024-01-24,Borsa Market,18
2024-01-24,Kartlar,18
2024-01-24,Kurumsal Bankacılık,18
2024-01-25,Görüntülü Bankacılık,22
2024-01-25,Diğer,18
2024-01-25,Fon Market,18
2024-01-25,Kampanyalar,18
2024-01-25,Mobil Bankacılık,17
2024-01-26,Çağrı Merkezi,20
2024-01-26,Kartlar,19
2024-01-26,Borsa Market,18
2024-01-26,Banka,17
2024-01-26,Getirfinans,17
2024-01-27,Getirfinans,20
2024-01-27,Kurumsal Bankacılık,20
2024-01-27,Kiraz (Vadeli Hesap),18
2024-01-27,Mobil Bankacılık,18
2024-01-27,Diğer,17
2024-01-28,Kampanyalar,23
2024-01-28,Kartlar,21
2024-01-28,İhtiyaç Kredileri,21
2024-01-28,Kripto Market,20
2024-01-28,Getirfinans,18
2024-01-29,Mobil Bankacılık,22
2024-01-29,Şube,19
2024-01-29,Alışveriş Kredisi,17
2024-01-29,Görüntülü Bankacılık,17
2024-01-29,Kartlar,17
2024-01-30,Kiraz (Vadeli Hesap),22
2024-01-30,Kripto Market,20
2024-01-30,Görüntülü Bankacılık,19
2024-01-30,Şube,19
2024-01-30,Diğer,17
2024-01-31,Görüntülü Bankacılık,23
2024-01-31,FX Market,20
2024-01-31,Çağrı Merkezi,19
2024-01-31,Fon Market,17
2024-01-31,Hızlı Para (KMH),17
2024-02-01,Şube,22
2024-02-01,Diğer,20
2024-02-01,Kampanyalar,19
2024-02-01,Hızlı Para (KMH),18
2024-02-01,Çağrı Merkezi,18
2024-02-02,Banka,18
2024-02-02,Diğer,18
2024-02-02,Görüntülü Bankacılık,18
2024-02-02,Kampanyalar,18
2024-02-02,Hızlı Para (KMH),17
2024-02-03,Getirfinans,18
2024-02-03,Banka,17
2024-02-03,FX Market,17
2024-02-03,ATM,16
2024-02-03,Şube,16
2024-02-04,FX Market,21
2024-02-04,Şube,19
2024-02-04,Fon Market,18
2024-02-04,Görüntülü Bankacılık,18
2024-02-04,Mobil Bankacılık,18
2024-02-05,Mobil Bankacılık,25
2024-02-05,Çağrı Merkezi,19
2024-02-05,Borsa Market,18
2024-02-05,Hızlı Para (KMH),18
2024-02-05,Kurumsal Bankacılık,16
2024-02-06,Görüntülü Bankacılık,23
2024-02-06,Fon Market,21
2024-02-06,ATM,18
2024-02-06,Alışveriş Kredisi,18
2024-02-06,Banka,16
2024-02-07,Kartlar,25
2024-02-07,Kiraz (Vadeli Hesap),21
2024-02-07,Kurumsal Bankacılık,21
2024-02-07,Çağrı Merkezi,19
2024-02-07,Kripto Market,17
2024-02-08,Kartlar,21
2024-02-08,Diğer,19
2024-02-08,ATM,18
2024-02-08,Alışveriş Kredisi,18
2024-02-08,Getirfinans,18
2024-02-09,ATM,21
2024-02-09,Kurumsal Bankacılık,19
2024-02-09,Çağrı Merkezi,19
2024-02-09,Kripto Market,17
2024-02-09,İhtiyaç Kredileri,17
2024-02-10,Hızlı Para (KMH),23
2024-02-10,Çağrı Merkezi,20
2024-02-10,Görüntülü Bankacılık,19
2024-02-10,Kiraz (Vadeli Hesap),17
2024-02-10,Kurumsal Bankacılık,17
2024-02-11,İhtiyaç Kredileri,19
2024-02-11,Alışveriş Kredisi,18
2024-02-11,Kiraz (Vadeli Hesap),18
2024-02-11,Mobil Bankacılık,18
2024-02-11,FX Market,17
2024-02-12,Hızlı Para (KMH),21
2024-02-12,İhtiyaç Kredileri,20
2024-02-12,Çağrı Merkezi,18
2024-02-12,Diğer,17
2024-02-12,Banka,16
2024-02-13,Fon Market,27
2024-02-13,Hızlı Para (KMH),24
2024-02-13,Kurumsal Bankacılık,20
2024-02-13,Kripto Market,18
2024-02-13,Alışveriş Kredisi,16
2024-02-14,Hızlı Para (KMH),22
2024-02-14,Kurumsal Bankacılık,22
2024-02-14,Diğer,20
2024-02-14,Görüntülü Bankacılık,19
2024-02-14,ATM,17
2024-02-15,Kampanyalar,20
2024-02-15,Hızlı Para (KMH),19
2024-02-15,Görüntülü Bankacılık,17
2024-02-15,Kripto Market,17
2024-02-15,Alışveriş Kredisi,16
2024-02-16,Diğer,22
2024-02-16,Çağrı Merkezi,21
2024-02-16,Kartlar,20
2024-02-16,Fon Market,17
2024-02-16,İhtiyaç Kredileri,17
2024-02-17,İhtiyaç Kredileri,26
2024-02-17,Getirfinans,21
2024-02-17,Görüntülü Bankacılık,19
2024-02-17,Kripto Market,17
2024-02-17,Hızlı Para (KMH),16
2024-02-18,Banka,20
2024-02-18,FX Market,20
2024-02-18,İhtiyaç Kredileri,19
2024-02-18,Diğer,18
2024-02-18,Kripto Market,18
2024-02-19,Görüntülü Bankacılık,22
2024-02-19,Kampanyalar,19
2024-02-19,Diğer,18
2024-02-19,Şube,18
2024-02-19,Alışveriş Kredisi,17
2024-02-20,Alışveriş Kredisi,19
2024-02-20,Hızlı Para (KMH),18
2024-02-20,Şube,18
2024-02-20,Borsa Market,17
2024-02-20,Görüntülü Bankacılık,16
2024-02-21,Kripto Market,24
2024-02-21,Banka,18
2024-02-21,Görüntülü Bankacılık,18
2024-02-21,İhtiyaç Kredileri,18
2024-02-21,Hızlı Para (KMH),17
2024-02-22,Alışveriş Kredisi,24
2024-02-22,Kampanyalar,23
2024-02-22,Fon Market,18
2024-02-22,Kartlar,18
2024-02-22,Kiraz (Vadeli Hesap),18
2024-02-23,Hızlı Para (KMH),22
2024-02-23,ATM,21
2024-02-23,Kiraz (Vadeli Hesap),20
2024-02-23,Çağrı Merkezi,18
2024-02-23,İhtiyaç Kredileri,18
2024-02-24,Kampanyalar,22
2024-02-24,Kartlar,18
2024-02-24,Kiraz (Vadeli Hesap),18
2024-02-24,Çağrı Merkezi,18
2024-02-24,İhtiyaç Kredileri,18
2024-02-25,Alışveriş Kredisi,31
2024-02-25,Hızlı Para (KMH),17
2024-02-25,Görüntülü Bankacılık,16
2024-02-25,Kiraz (Vadeli Hesap),14
2024-02-25,Fon Market,13
2024-02-26,Borsa Market,22
2024-02-26,FX Market,19
2024-02-26,Kurumsal Bankacılık,19
2024-02-26,Hızlı Para (KMH),17
2024-02-26,Banka,16
2024-02-27,Kiraz (Vadeli Hesap),21
2024-02-27,ATM,19
2024-02-27,Çağrı Merkezi,19
2024-02-27,Kurumsal Bankacılık,17
2024-02-27,Borsa Market,16
2024-02-28,Alışveriş Kredisi,27
2024-02-28,Fon Market,21
2024-02-28,İhtiyaç Kredileri,21
2024-02-28,Borsa Market,18
2024-02-28,Kiraz (Vadeli Hesap),17
2024-02-29,Hızlı Para (KMH),20
2024-02-29,Şube,19
2024-02-29,Banka,18
2024-02-29,Diğer,17
2024-02-29,Kripto Market,17
2024-03-01,Hızlı Para (KMH),18
2024-03-01,Borsa Market,17
2024-03-01,Kartlar,17
2024-03-01,Kurumsal Bankacılık,17
2024-03-01,Banka,16
2024-03-02,Banka,23
2024-03-02,Çağrı Merkezi,20
2024-03-02,Getirfinans,19
2024-03-02,İhtiyaç Kredileri,19
2024-03-02,Kampanyalar,18
2024-03-03,FX Market,21
2024-03-03,Diğer,18
2024-03-03,Hızlı Para (KMH),15
2024-03-03,Kurumsal Bankacılık,15
2024-03-03,Banka,14
2024-03-04,Kripto Market,23
2024-03-04,Diğer,21
2024-03-04,Şube,21
2024-03-04,Borsa Market,18
2024-03-04,Çağrı Merkezi,18
2024-03-05,Mobil Bankacılık,21
2024-03-05,Kurumsal Bankacılık,19
2024-03-05,Diğer,18
2024-03-05,FX Market,17
2024-03-05,Kiraz (Vadeli Hesap),17
2024-03-06,Banka,17
2024-03-06,Borsa Market,16
2024-03-06,FX Market,16
2024-03-06,Kiraz (Vadeli Hesap),16
2024-03-06,Kurumsal Bankacılık,16
2024-03-07,Diğer,23
2024-03-07,Banka,22
2024-03-07,Fon Market,18
2024-03-07,FX Market,17
2024-03-07,Kurumsal Bankacılık,17
2024-03-08,ATM,20
2024-03-08,Şube,18
2024-03-08,Görüntülü Bankacılık,17
2024-03-08,Hızlı Para (KMH),16
2024-03-08,İhtiyaç Kredileri,16
2024-03-09,Mobil Bankacılık,20
2024-03-09,ATM,18
2024-03-09,Alışveriş Kredisi,18
2024-03-09,Kartlar,18
2024-03-09,Borsa Market,17
2024-03-10,Alışveriş Kredisi,24
2024-03-10,ATM,21
2024-03-10,Borsa Market,21
2024-03-10,Mobil Bankacılık,19
2024-03-10,Şube,19
2024-03-11,Getirfinans,19
2024-03-11,Mobil Bankacılık,19
2024-03-11,İhtiyaç Kredileri,18
2024-03-11,Şube,18
2024-03-11,Görüntülü Bankacılık,17
2024-03-12,Mobil Bankacılık,26
2024-03-12,Diğer,18
2024-03-12,Çağrı Merkezi,17
2024-03-12,Fon Market,16
2024-03-12,Hızlı Para (KMH),16
2024-03-13,Şube,22
2024-03-13,Alışveriş Kredisi,19
2024-03-13,Fon Market,19
2024-03-13,Mobil Bankacılık,19
2024-03-13,FX Market,18
2024-03-14,Kurumsal Bankacılık,21
2024-03-14,Banka,19
2024-03-14,Alışveriş Kredisi,18
2024-03-14,FX Market,18
2024-03-14,Kartlar,17
2024-03-15,FX Market,21
2024-03-15,Mobil Bankacılık,21
2024-03-15,ATM,20
2024-03-15,Banka,18
2024-03-15,Fon Market,18
2024-03-16,Getirfinans,23
2024-03-16,Alışveriş Kredisi,19
2024-03-16,Görüntülü Bankacılık,19
2024-03-16,Kampanyalar,18
2024-03-16,Kripto Market,18
2024-03-17,Banka,21
2024-03-17,Şube,18
2024-03-17,ATM,17
2024-03-17,Borsa Market,17
2024-03-17,Kurumsal Bankacılık,17
2024-03-18,Diğer,22
2024-03-18,Kartlar,20
2024-03-18,Alışveriş Kredisi,17
2024-03-18,Banka,16
2024-03-18,Fon Market,16
2024-03-19,Kampanyalar,22
2024-03-19,Görüntülü Bankacılık,20
2024-03-19,Alışveriş Kredisi,18
2024-03-19,Fon Market,18
2024-03-19,FX Market,17
2024-03-20,Görüntülü Bankacılık,23
2024-03-20,FX Market,20
2024-03-20,İhtiyaç Kredileri,18
2024-03-20,Kiraz (Vadeli Hesap),17
2024-03-20,Hızlı Para (KMH),16
2024-03-21,Borsa Market,25
2024-03-21,Kripto Market,22
2024-03-21,Görüntülü Bankacılık,21
2024-03-21,Kartlar,20
2024-03-21,Kurumsal Bankacılık,20
2024-03-22,Fon Market,24
2024-03-22,Hızlı Para (KMH),20
2024-03-22,Mobil Bankacılık,19
2024-03-22,Kampanyalar,18
2024-03-22,Şube,18
2024-03-23,Borsa Market,24
2024-03-23,Hızlı Para (KMH),20
2024-03-23,Getirfinans,19
2024-03-23,FX Market,18
2024-03-23,Alışveriş Kredisi,16
2024-03-24,Çağrı Merkezi,22
2024-03-24,Hızlı Para (KMH),21
2024-03-24,Kripto Market,19
2024-03-24,Alışveriş Kredisi,15
2024-03-24,Borsa Market,15
2024-03-25,İhtiyaç Kredileri,21
2024-03-25,Diğer,20
2024-03-25,FX Market,20
2024-03-25,Borsa Market,19
2024-03-25,Getirfinans,17
2024-03-26,Hızlı Para (KMH),22
2024-03-26,Fon Market,20
2024-03-26,Kripto Market,19
2024-03-26,Mobil Bankacılık,18
2024-03-26,Kartlar,17
2024-03-27,Banka,22
2024-03-27,Şube,21
2024-03-27,Mobil Bankacılık,20
2024-03-27,Kampanyalar,19
2024-03-27,Fon Market,17
2024-03-28,Kiraz (Vadeli Hesap),21
2024-03-28,Kripto Market,20
2024-03-28,ATM,17
2024-03-28,Borsa Market,17
2024-03-28,Kampanyalar,17
2024-03-29,FX Market,24
2024-03-29,Getirfinans,23
2024-03-29,Fon Market,22
2024-03-29,Kampanyalar,17
2024-03-29,Alışveriş Kredisi,16
2024-03-30,ATM,19
2024-03-30,Şube,19
2024-03-30,Alışveriş Kredisi,17
2024-03-30,Görüntülü Bankacılık,17
2024-03-30,Hızlı Para (KMH),17
2024-03-31,Kartlar,19
2024-03-31,Banka,18
2024-03-31,Getirfinans,18
2024-03-31,Mobil Bankacılık,16
2024-03-31,Borsa Market,15
2024-04-01,Kartlar,23
2024-04-01,Banka,20
2024-04-01,Şube,19
2024-04-01,İhtiyaç Kredileri,17
2024-04-01,Fon Market,16
2024-04-02,Mobil Bankacılık,21
2024-04-02,Kampanyalar,19
2024-04-02,Kurumsal Bankacılık,19
2024-04-02,Alışveriş Kredisi,18
2024-04-02,Kartlar,18
2024-04-03,ATM,23
2024-04-03,Kurumsal Bankacılık,23
2024-04-03,Banka,20
2024-04-03,Hızlı Para (KMH),20
2024-04-03,Mobil Bankacılık,19
2024-04-04,Getirfinans,24
2024-04-04,ATM,23
2024-04-04,Şube,23
2024-04-04,Görüntülü Bankacılık,22
2024-04-04,Diğer,21
2024-04-05,Diğer,23
2024-04-05,Getirfinans,23
2024-04-05,Kiraz (Vadeli Hesap),21
2024-04-05,Alışveriş Kredisi,19
2024-04-05,Şube,18
2024-04-06,Alışveriş Kredisi,24
2024-04-06,Kripto Market,19
2024-04-06,Banka,18
2024-04-06,FX Market,18
2024-04-06,Görüntülü Bankacılık,17
2024-04-07,Banka,22
2024-04-07,Kripto Market,22
2024-04-07,Kartlar,17
2024-04-07,Kurumsal Bankacılık,17
2024-04-07,Kiraz (Vadeli Hesap),16
2024-04-08,Getirfinans,22
2024-04-08,Çağrı Merkezi,19
2024-04-08,Borsa Market,18
2024-04-08,Mobil Bankacılık,18
2024-04-08,Fon Market,17
2024-04-09,Diğer,20
2024-04-09,Alışveriş Kredisi,17
2024-04-09,Borsa Market,16
2024-04-09,FX Market,15
2024-04-09,Kampanyalar,15
2024-04-10,Görüntülü Bankacılık,23
2024-04-10,Diğer,21
2024-04-10,FX Market,20
2024-04-10,Getirfinans,19
2024-04-10,İhtiyaç Kredileri,19
2024-04-11,Hızlı Para (KMH),22
2024-04-11,Kripto Market,21
2024-04-11,Kiraz (Vadeli Hesap),19
2024-04-11,İhtiyaç Kredileri,18
2024-04-11,Şube,18
2024-04-12,Getirfinans,24
2024-04-12,Kripto Market,24
2024-04-12,Borsa Market,21
2024-04-12,Kurumsal Bankacılık,21
2024-04-12,İhtiyaç Kredileri,19
2024-04-13,Diğer,20
2024-04-13,Getirfinans,20
2024-04-13,Şube,19
2024-04-13,Mobil Bankacılık,18
2024-04-13,Kampanyalar,17
2024-04-14,Diğer,20
2024-04-14,FX Market,19
2024-04-14,Kartlar,18
2024-04-14,Şube,18
2024-04-14,ATM,17
2024-04-15,Görüntülü Bankacılık,24
2024-04-15,Mobil Bankacılık,23
2024-04-15,Kurumsal Bankacılık,21
2024-04-15,ATM,19
2024-04-15,Getirfinans,18
2024-04-16,ATM,24
2024-04-16,Fon Market,20
2024-04-16,Banka,18
2024-04-16,Mobil Bankacılık,18
2024-04-16,Borsa Market,17
2024-04-17,Kiraz (Vadeli Hesap),19
2024-04-17,Kurumsal Bankacılık,19
2024-04-17,Diğer,18
2024-04-17,Kampanyalar,18
2024-04-17,Mobil Bankacılık,18
2024-04-18,Banka,26
2024-04-18,Mobil Bankacılık,23
2024-04-18,Fon Market,20
2024-04-18,Kiraz (Vadeli Hesap),19
2024-04-18,Kripto Market,19
2024-04-19,Kripto Market,18
2024-04-19,Kampanyalar,16
2024-04-19,Diğer,15
2024-04-19,Getirfinans,15
2024-04-19,Şube,15
2024-04-20,Borsa Market,22
2024-04-20,Görüntülü Bankacılık,22
2024-04-20,Kripto Market,21
2024-04-20,Kiraz (Vadeli Hesap),19
2024-04-20,Kartlar,17
2024-04-21,FX Market,25
2024-04-21,Kripto Market,22
2024-04-21,Şube,19
2024-04-21,Hızlı Para (KMH),18
2024-04-21,Getirfinans,17
2024-04-22,Banka,28
2024-04-22,Alışveriş Kredisi,24
2024-04-22,Görüntülü Bankacılık,20
2024-04-22,Hızlı Para (KMH),17
2024-04-22,Kripto Market,17
2024-04-23,Kripto Market,21
2024-04-23,Banka,20
2024-04-23,Kampanyalar,19
2024-04-23,Diğer,17
2024-04-23,Mobil Bankacılık,17
2024-04-24,Kripto Market,20
2024-04-24,ATM,19
2024-04-24,Alışveriş Kredisi,19
2024-04-24,Kampanyalar,19
2024-04-24,Kiraz (Vadeli Hesap),19
2024-04-25,Hızlı Para (KMH),23
2024-04-25,ATM,19
2024-04-25,FX Market,19
2024-04-25,Kampanyalar,19
2024-04-25,Kurumsal Bankacılık,17
2024-04-26,Fon Market,21
2024-04-26,ATM,20
2024-04-26,Hızlı Para (KMH),17
2024-04-26,Kartlar,17
2024-04-26,Şube,17
2024-04-27,FX Market,19
2024-04-27,Getirfinans,18
2024-04-27,Görüntülü Bankacılık,18
2024-04-27,Diğer,17
2024-04-27,Banka,16
2024-04-28,Kampanyalar,22
2024-04-28,FX Market,21
2024-04-28,Banka,19
2024-04-28,Diğer,17
2024-04-28,Görüntülü Bankacılık,17
2024-04-29,Görüntülü Bankacılık,25
2024-04-29,Kampanyalar,21
2024-04-29,Kripto Market,20
2024-04-29,Fon Market,19
2024-04-29,Şube,18
2024-04-30,Fon Market,27
2024-04-30,Kartlar,24
2024-04-30,Görüntülü Bankacılık,20
2024-04-30,FX Market,19
2024-04-30,Diğer,18
2024-05-01,Mobil Bankacılık,24
2024-05-01,Kiraz (Vadeli Hesap),21
2024-05-01,Borsa Market,19
2024-05-01,Çağrı Merkezi,19
2024-05-01,Şube,19
2024-05-02,Hızlı Para (KMH),23
2024-05-02,Alışveriş Kredisi,22
2024-05-02,Diğer,22
2024-05-02,Kampanyalar,18
2024-05-02,Kripto Market,18
2024-05-03,Mobil Bankacılık,20
2024-05-03,Banka,19
2024-05-03,Borsa Market,19
2024-05-03,Hızlı Para (KMH),19
2024-05-03,Fon Market,18
2024-05-04,Mobil Bankacılık,21
2024-05-04,Fon Market,19
2024-05-04,Alışveriş Kredisi,17
2024-05-04,FX Market,17
2024-05-04,Banka,16
2024-05-05,Görüntülü Bankacılık,20
2024-05-05,FX Market,17
2024-05-05,Hızlı Para (KMH),17
2024-05-05,Banka,16
2024-05-05,Kartlar,16
2024-05-06,Banka,23
2024-05-06,FX Market,19
2024-05-06,Borsa Market,18
2024-05-06,Kampanyalar,18
2024-05-06,Mobil Bankacılık,18
2024-05-07,Mobil Bankacılık,25
2024-05-07,İhtiyaç Kredileri,23
2024-05-07,Kripto Market,22
2024-05-07,Diğer,18
2024-05-07,ATM,17
2024-05-08,Getirfinans,20
2024-05-08,Görüntülü Bankacılık,17
2024-05-08,Kripto Market,16
2024-05-08,Kurumsal Bankacılık,16
2024-05-08,Fon Market,15
2024-05-09,Kartlar,23
2024-05-09,Banka,21
2024-05-09,Kampanyalar,19
2024-05-09,Fon Market,18
2024-05-09,Getirfinans,18
2024-05-10,Fon Market,20
2024-05-10,ATM,19
2024-05-10,Kartlar,18
2024-05-10,FX Market,17
2024-05-10,Borsa Market,16
2024-05-11,Kurumsal Bankacılık,24
2024-05-11,Fon Market,20
2024-05-11,Kartlar,20
2024-05-11,Kiraz (Vadeli Hesap),20
2024-05-11,FX Market,19
2024-05-12,Kurumsal Bankacılık,24
2024-05-12,ATM,21
2024-05-12,Fon Market,21
2024-05-12,Görüntülü Bankacılık,20
2024-05-12,Banka,18
2024-05-13,Görüntülü Bankacılık,19
2024-05-13,ATM,17
2024-05-13,Hızlı Para (KMH),17
2024-05-13,Kampanyalar,16
2024-05-13,Kartlar,16
2024-05-14,Çağrı Merkezi,19
2024-05-14,Borsa Market,18
2024-05-14,Kripto Market,18
2024-05-14,Mobil Bankacılık,18
2024-05-14,Banka,17
2024-05-15,Görüntülü Bankacılık,27
2024-05-15,Mobil Bankacılık,25
2024-05-15,Kartlar,24
2024-05-15,Fon Market,21
2024-05-15,Kampanyalar,20
2024-05-16,Fon Market,26
2024-05-16,FX Market,23
2024-05-16,Şube,18
2024-05-16,Kripto Market,16
2024-05-16,Banka,15
2024-05-17,Kartlar,21
2024-05-17,Diğer,18
2024-05-17,Kripto Market,16
2024-05-17,İhtiyaç Kredileri,16
2024-05-17,Alışveriş Kredisi,15
2024-05-18,Alışveriş Kredisi,21
2024-05-18,Kampanyalar,18
2024-05-18,Kurumsal Bankacılık,18
2024-05-18,Mobil Bankacılık,18
2024-05-18,FX Market,17
2024-05-19,Diğer,23
2024-05-19,Kripto Market,21
2024-05-19,Borsa Market,20
2024-05-19,Alışveriş Kredisi,19
2024-05-19,FX Market,18
2024-05-20,Getirfinans,20
2024-05-20,Alışveriş Kredisi,19
2024-05-20,Görüntülü Bankacılık,18
2024-05-20,Banka,17
2024-05-20,Kampanyalar,17
2024-05-21,Kiraz (Vadeli Hesap),25
2024-05-21,Borsa Market,20
2024-05-21,Alışveriş Kredisi,19
2024-05-21,Şube,18
2024-05-21,Kurumsal Bankacılık,14
2024-05-22,Kartlar,23
2024-05-22,ATM,21
2024-05-22,Fon Market,19
2024-05-22,İhtiyaç Kredileri,19
2024-05-22,Getirfinans,18
2024-05-23,ATM,21
2024-05-23,Fon Market,18
2024-05-23,Kiraz (Vadeli Hesap),17
2024-05-23,Çağrı Merkezi,17
2024-05-23,Hızlı Para (KMH),16
2024-05-24,Banka,20
2024-05-24,Kartlar,18
2024-05-24,Alışveriş Kredisi,17
2024-05-24,FX Market,17
2024-05-24,ATM,16
2024-05-25,Borsa Market,19
2024-05-25,Mobil Bankacılık,19
2024-05-25,Alışveriş Kredisi,18
2024-05-25,Kartlar,18
2024-05-25,Kiraz (Vadeli Hesap),18
2024-05-26,Hızlı Para (KMH),23
2024-05-26,Alışveriş Kredisi,19
2024-05-26,Borsa Market,19
2024-05-26,Kiraz (Vadeli Hesap),19
2024-05-26,Şube,19
2024-05-27,ATM,23
2024-05-27,Görüntülü Bankacılık,20
2024-05-27,Şube,17
2024-05-27,Fon Market,16
2024-05-27,İhtiyaç Kredileri,15
2024-05-28,Getirfinans,21
2024-05-28,Fon Market,20
2024-05-28,Görüntülü Bankacılık,20
2024-05-28,Kurumsal Bankacılık,20
2024-05-28,Kiraz (Vadeli Hesap),17
2024-05-29,İhtiyaç Kredileri,18
2024-05-29,Alışveriş Kredisi,17
2024-05-29,Hızlı Para (KMH),17
2024-05-29,Kampanyalar,17
2024-05-29,Banka,16
2024-05-30,Banka,19
2024-05-30,FX Market,19
2024-05-30,Şube,19
2024-05-30,Kurumsal Bankacılık,18
2024-05-30,Çağrı Merkezi,18
2024-05-31,Fon Market,22
2024-05-31,Diğer,20
2024-05-31,Kartlar,20
2024-05-31,Alışveriş Kredisi,17
2024-05-31,Borsa Market,16
2024-06-01,Görüntülü Bankacılık,23
2024-06-01,Kiraz (Vadeli Hesap),21
2024-06-01,Kampanyalar,20
2024-06-01,Diğer,18
2024-06-01,Çağrı Merkezi,18
2024-06-02,Fon Market,23
2024-06-02,FX Market,19
2024-06-02,Kampanyalar,19
2024-06-02,Diğer,17
2024-06-02,Kiraz (Vadeli Hesap),17
2024-06-03,ATM,20
2024-06-03,Çağrı Merkezi,20
2024-06-03,Görüntülü Bankacılık,19
2024-06-03,Şube,17
2024-06-03,Borsa Market,16
2024-06-04,Banka,22
2024-06-04,Kripto Market,21
2024-06-04,Mobil Bankacılık,20
2024-06-04,Çağrı Merkezi,19
2024-06-04,Getirfinans,17
2024-06-05,FX Market,23
2024-06-05,Kripto Market,21
2024-06-05,Alışveriş Kredisi,19
2024-06-05,Getirfinans,18
2024-06-05,Kurumsal Bankacılık,17
2024-06-06,Hızlı Para (KMH),21
2024-06-06,Kartlar,19
2024-06-06,Getirfinans,18
2024-06-06,Diğer,16
2024-06-06,Alışveriş Kredisi,15
2024-06-07,Kurumsal Bankacılık,24
2024-06-07,Fon Market,19
2024-06-07,Getirfinans,19
2024-06-07,Çağrı Merkezi,19
2024-06-07,Diğer,18
2024-06-08,Kartlar,24
2024-06-08,Borsa Market,22
2024-06-08,Görüntülü Bankacılık,21
2024-06-08,Kurumsal Bankacılık,20
2024-06-08,Çağrı Merkezi,19
2024-06-09,Hızlı Para (KMH),25
2024-06-09,Kartlar,21
2024-06-09,Kurumsal Bankacılık,21
2024-06-09,Kiraz (Vadeli Hesap),20
2024-06-09,Kripto Market,19
2024-06-10,Çağrı Merkezi,19
2024-06-10,FX Market,18
2024-06-10,Banka,16
2024-06-10,Kartlar,16
2024-06-10,İhtiyaç Kredileri,16
2024-06-11,İhtiyaç Kredileri,19
2024-06-11,Kartlar,18
2024-06-11,FX Market,17
2024-06-11,Fon Market,17
2024-06-11,Kripto Market,17
2024-06-12,Görüntülü Bankacılık,23
2024-06-12,Çağrı Merkezi,21
2024-06-12,Diğer,15
2024-06-12,Kampanyalar,15
2024-06-12,Kiraz (Vadeli Hesap),15
2024-06-13,Kiraz (Vadeli Hesap),23
2024-06-13,Alışveriş Kredisi,22
2024-06-13,Hızlı Para (KMH),22
2024-06-13,Borsa Market,20
2024-06-13,Fon Market,20
2024-06-14,Görüntülü Bankacılık,21
2024-06-14,ATM,20
2024-06-14,Hızlı Para (KMH),20
2024-06-14,Banka,18
2024-06-14,Mobil Bankacılık,17
2024-06-15,Kampanyalar,20
2024-06-15,İhtiyaç Kredileri,20
2024-06-15,Hızlı Para (KMH),17
2024-06-15,Alışveriş Kredisi,16
2024-06-15,Borsa Market,16
2024-06-16,Alışveriş Kredisi,21
2024-06-16,Şube,20
2024-06-16,Kampanyalar,19
2024-06-16,FX Market,18
2024-06-16,Hızlı Para (KMH),16
2024-06-17,Şube,18
2024-06-17,ATM,17
2024-06-17,Kiraz (Vadeli Hesap),17
2024-06-17,Kripto Market,17
2024-06-17,Alışveriş Kredisi,16
2024-06-18,Görüntülü Bankacılık,20
2024-06-18,Kartlar,20
2024-06-18,Şube,19
2024-06-18,Borsa Market,18
2024-06-18,Diğer,18
2024-06-19,Kripto Market,20
2024-06-19,Alışveriş Kredisi,19
2024-06-19,Fon Market,19
2024-06-19,Şube,19
2024-06-19,Banka,18
2024-06-20,Çağrı Merkezi,23
2024-06-20,Şube,21
2024-06-20,Diğer,20
2024-06-20,Hızlı Para (KMH),18
2024-06-20,ATM,17
2024-06-21,Alışveriş Kredisi,21
2024-06-21,Hızlı Para (KMH),17
2024-06-21,Kartlar,17
2024-06-21,Fon Market,16
2024-06-21,Kurumsal Bankacılık,16
2024-06-22,Borsa Market,25
2024-06-22,Getirfinans,22
2024-06-22,Fon Market,19
2024-06-22,Diğer,16
2024-06-22,Kampanyalar,16
2024-06-23,FX Market,19
2024-06-23,ATM,18
2024-06-23,Banka,18
2024-06-23,Çağrı Merkezi,18
2024-06-23,Hızlı Para (KMH),17
2024-06-24,Kampanyalar,20
2024-06-24,Borsa Market,17
2024-06-24,Mobil Bankacılık,17
2024-06-24,İhtiyaç Kredileri,17
2024-06-24,Şube,17
2024-06-25,Mobil Bankacılık,24
2024-06-25,Çağrı Merkezi,18
2024-06-25,Kurumsal Bankacılık,17
2024-06-25,Borsa Market,16
2024-06-25,Diğer,16
2024-06-26,Hızlı Para (KMH),21
2024-06-26,Kartlar,20
2024-06-26,Getirfinans,18
2024-06-26,Borsa Market,17
2024-06-26,Alışveriş Kredisi,16
2024-06-27,Banka,21
2024-06-27,Kartlar,21
2024-06-27,Kripto Market,21
2024-06-27,ATM,20
2024-06-27,Kurumsal Bankacılık,20
2024-06-28,Hızlı Para (KMH),23
2024-06-28,Kiraz (Vadeli Hesap),21
2024-06-28,Borsa Market,17
2024-06-28,ATM,16
2024-06-28,Alışveriş Kredisi,16
2024-06-29,Mobil Bankacılık,23
2024-06-29,Kampanyalar,22
2024-06-29,Kurumsal Bankacılık,21
2024-06-29,Fon Market,20
2024-06-29,Görüntülü Bankacılık,20
2024-06-30,İhtiyaç Kredileri,19
2024-06-30,ATM,17
2024-06-30,Kartlar,17
2024-06-30,Alışveriş Kredisi,16
2024-06-30,Diğer,16
2024-07-01,Kampanyalar,24
2024-07-01,Fon Market,21
2024-07-01,Çağrı Merkezi,19
2024-07-01,Alışveriş Kredisi,16
2024-07-01,İhtiyaç Kredileri,16
2024-07-02,ATM,19
2024-07-02,Banka,18
2024-07-02,Kurumsal Bankacılık,18
2024-07-02,Şube,18
2024-07-02,Borsa Market,17
2024-07-03,Alışveriş Kredisi,23
2024-07-03,FX Market,22
2024-07-03,Mobil Bankacılık,22
2024-07-03,Hızlı Para (KMH),21
2024-07-03,Görüntülü Bankacılık,19
2024-07-04,Şube,22
2024-07-04,Görüntülü Bankacılık,21
2024-07-04,Diğer,20
2024-07-04,Kartlar,19
2024-07-04,ATM,18
2024-07-05,FX Market,21
2024-07-05,Banka,20
2024-07-05,Getirfinans,20
2024-07-05,Mobil Bankacılık,18
2024-07-05,Kripto Market,17
2024-07-06,Alışveriş Kredisi,18
2024-07-06,Mobil Bankacılık,18
2024-07-06,Çağrı Merkezi,18
2024-07-06,Görüntülü Bankacılık,17
2024-07-06,Hızlı Para (KMH),17
2024-07-07,Kurumsal Bankacılık,20
2024-07-07,Getirfinans,19
2024-07-07,Diğer,18
2024-07-07,FX Market,18
2024-07-07,Hızlı Para (KMH),17
2024-07-08,Şube,27
2024-07-08,İhtiyaç Kredileri,24
2024-07-08,Kripto Market,19
2024-07-08,Kampanyalar,17
2024-07-08,Kiraz (Vadeli Hesap),17
2024-07-09,Kiraz (Vadeli Hesap),20
2024-07-09,Diğer,18
2024-07-09,Banka,17
2024-07-09,Borsa Market,16
2024-07-09,Kartlar,16
2024-07-10,İhtiyaç Kredileri,22
2024-07-10,FX Market,19
2024-07-10,Fon Market,18
2024-07-10,Kurumsal Bankacılık,17
2024-07-10,Mobil Bankacılık,17
2024-07-11,Fon Market,19
2024-07-11,Kampanyalar,19
2024-07-11,Kartlar,16
2024-07-11,Borsa Market,15
2024-07-11,FX Market,15
2024-07-12,Getirfinans,22
2024-07-12,Kurumsal Bankacılık,19
2024-07-12,ATM,18
2024-07-12,Banka,17
2024-07-12,Diğer,17
2024-07-13,Şube,23
2024-07-13,Mobil Bankacılık,20
2024-07-13,Fon Market,19
2024-07-13,Kiraz (Vadeli Hesap),17
2024-07-13,FX Market,16
2024-07-14,Kripto Market,22
2024-07-14,Diğer,21
2024-07-14,Kampanyalar,19
2024-07-14,Kartlar,18
2024-07-14,Mobil Bankacılık,18
2024-07-15,Alışveriş Kredisi,23
2024-07-15,Getirfinans,19
2024-07-15,Kartlar,19
2024-07-15,Kurumsal Bankacılık,19
2024-07-15,Şube,18
2024-07-16,Kartlar,23
2024-07-16,Kiraz (Vadeli Hesap),23
2024-07-16,Kripto Market,23
2024-07-16,Borsa Market,22
2024-07-16,Mobil Bankacılık,22
2024-07-17,Alışveriş Kredisi,22
2024-07-17,Borsa Market,21
2024-07-17,Kartlar,19
2024-07-17,ATM,17
2024-07-17,FX Market,16
2024-07-18,FX Market,22
2024-07-18,Banka,19
2024-07-18,Alışveriş Kredisi,17
2024-07-18,Kripto Market,17
2024-07-18,Borsa Market,16
2024-07-19,Görüntülü Bankacılık,19
2024-07-19,İhtiyaç Kredileri,19
2024-07-19,Kampanyalar,17
2024-07-19,Hızlı Para (KMH),16
2024-07-19,Kripto Market,16
2024-07-20,Getirfinans,24
2024-07-20,ATM,23
2024-07-20,Görüntülü Bankacılık,19
2024-07-20,Kripto Market,18
2024-07-20,Hızlı Para (KMH),17
2024-07-21,FX Market,22
2024-07-21,Kampanyalar,19
2024-07-21,İhtiyaç Kredileri,17
2024-07-21,Kartlar,16
2024-07-21,Fon Market,15
2024-07-22,Diğer,24
2024-07-22,Getirfinans,21
2024-07-22,Mobil Bankacılık,18
2024-07-22,ATM,17
2024-07-22,Fon Market,17
2024-07-23,Alışveriş Kredisi,21
2024-07-23,Fon Market,21
2024-07-23,Şube,20
2024-07-23,Diğer,19
2024-07-23,Görüntülü Bankacılık,19
2024-07-24,Fon Market,19
2024-07-24,Alışveriş Kredisi,18
2024-07-24,Getirfinans,18
2024-07-24,Kampanyalar,18
2024-07-24,Borsa Market,17
2024-07-25,Diğer,20
2024-07-25,Alışveriş Kredisi,19
2024-07-25,Kurumsal Bankacılık,18
2024-07-25,FX Market,17
2024-07-25,Fon Market,17
2024-07-26,FX Market,22
2024-07-26,Kartlar,21
2024-07-26,Alışveriş Kredisi,20
2024-07-26,Kampanyalar,19
2024-07-26,Çağrı Merkezi,19
2024-07-27,Kampanyalar,23
2024-07-27,Banka,22
2024-07-27,İhtiyaç Kredileri,21
2024-07-27,Borsa Market,17
2024-07-27,FX Market,17
2024-07-28,ATM,25
2024-07-28,Alışveriş Kredisi,21
2024-07-28,Borsa Market,20
2024-07-28,FX Market,18
2024-07-28,Mobil Bankacılık,18
2024-07-29,FX Market,24
2024-07-29,Şube,23
2024-07-29,Mobil Bankacılık,19
2024-07-29,Banka,18
2024-07-29,Kartlar,18
2024-07-30,ATM,20
2024-07-30,Kripto Market,20
2024-07-30,Mobil Bankacılık,19
2024-07-30,Kiraz (Vadeli Hesap),18
2024-07-30,Alışveriş Kredisi,17
2024-07-31,Borsa Market,22
2024-07-31,ATM,19
2024-07-31,FX Market,18
2024-07-31,Alışveriş Kredisi,16
2024-07-31,Getirfinans,16
2024-08-01,İhtiyaç Kredileri,22
2024-08-01,Alışveriş Kredisi,19
2024-08-01,Kampanyalar,19
2024-08-01,Görüntülü Bankacılık,18
2024-08-01,Kartlar,18
2024-08-02,Kampanyalar,27
2024-08-02,ATM,26
2024-08-02,Borsa Market,21
2024-08-02,FX Market,19
2024-08-02,Çağrı Merkezi,19
2024-08-03,Kampanyalar,27
2024-08-03,Getirfinans,23
2024-08-03,Kurumsal Bankacılık,20
2024-08-03,Alışveriş Kredisi,19
2024-08-03,Kartlar,17
2024-08-04,Borsa Market,19
2024-08-04,Fon Market,17
2024-08-04,Hızlı Para (KMH),17
2024-08-04,Kartlar,16
2024-08-04,Alışveriş Kredisi,13
2024-08-05,Kartlar,22
2024-08-05,Diğer,20
2024-08-05,Kurumsal Bankacılık,20
2024-08-05,İhtiyaç Kredileri,20
2024-08-05,Borsa Market,19
2024-08-06,ATM,21
2024-08-06,Çağrı Merkezi,20
2024-08-06,Diğer,19
2024-08-06,FX Market,17
2024-08-06,Hızlı Para (KMH),16
2024-08-07,Kripto Market,21
2024-08-07,Mobil Bankacılık,19
2024-08-07,Kampanyalar,18
2024-08-07,Borsa Market,16
2024-08-07,Diğer,16
2024-08-08,Kampanyalar,21
2024-08-08,Kurumsal Bankacılık,20
2024-08-08,Borsa Market,19
2024-08-08,Kartlar,19
2024-08-08,Getirfinans,18
2024-08-09,Alışveriş Kredisi,20
2024-08-09,FX Market,19
2024-08-09,Kripto Market,17
2024-08-09,Kurumsal Bankacılık,17
2024-08-09,ATM,16
2024-08-10,ATM,19
2024-08-10,Fon Market,19
2024-08-10,FX Market,18
2024-08-10,Kiraz (Vadeli Hesap),17
2024-08-10,Kurumsal Bankacılık,17
2024-08-11,Fon Market,22
2024-08-11,Borsa Market,19
2024-08-11,Getirfinans,19
2024-08-11,Şube,19
2024-08-11,FX Market,18
2024-08-12,Borsa Market,23
2024-08-12,Şube,22
2024-08-12,Fon Market,21
2024-08-12,Banka,18
2024-08-12,İhtiyaç Kredileri,17
2024-08-13,Kiraz (Vadeli Hesap),19
2024-08-13,ATM,18
2024-08-13,Kartlar,18
2024-08-13,Borsa Market,17
2024-08-13,Görüntülü Bankacılık,17
2024-08-14,Diğer,25
2024-08-14,Çağrı Merkezi,21
2024-08-14,Kartlar,19
2024-08-14,Getirfinans,17
2024-08-14,Şube,17
2024-08-15,Getirfinans,19
2024-08-15,Görüntülü Bankacılık,17
2024-08-15,Kampanyalar,16
2024-08-15,Kurumsal Bankacılık,16
2024-08-15,Şube,16
2024-08-16,Diğer,21
2024-08-16,Kurumsal Bankacılık,18
2024-08-16,İhtiyaç Kredileri,18
2024-08-16,Kartlar,17
2024-08-16,Alışveriş Kredisi,16
2024-08-17,ATM,22
2024-08-17,Kiraz (Vadeli Hesap),22
2024-08-17,Diğer,20
2024-08-17,Kampanyalar,20
2024-08-17,Kartlar,19
2024-08-18,Borsa Market,19
2024-08-18,Alışveriş Kredisi,17
2024-08-18,Kiraz (Vadeli Hesap),17
2024-08-18,Çağrı Merkezi,17
2024-08-18,FX Market,16
2024-08-19,Kiraz (Vadeli Hesap),23
2024-08-19,FX Market,20
2024-08-19,Fon Market,20
2024-08-19,Kartlar,20
2024-08-19,Kurumsal Bankacılık,19
2024-08-20,Kampanyalar,21
2024-08-20,ATM,20
2024-08-20,Borsa Market,20
2024-08-20,Şube,19
2024-08-20,FX Market,18
2024-08-21,Borsa Market,20
2024-08-21,Fon Market,19
2024-08-21,Diğer,18
2024-08-21,Alışveriş Kredisi,17
2024-08-21,Görüntülü Bankacılık,16
2024-08-22,Alışveriş Kredisi,23
2024-08-22,Hızlı Para (KMH),21
2024-08-22,Görüntülü Bankacılık,19
2024-08-22,FX Market,18
2024-08-22,Kampanyalar,18
2024-08-23,Kripto Market,22
2024-08-23,Getirfinans,20
2024-08-23,Çağrı Merkezi,20
2024-08-23,Borsa Market,18
2024-08-23,FX Market,16
2024-08-24,Kripto Market,24
2024-08-24,Kiraz (Vadeli Hesap),21
2024-08-24,Kartlar,19
2024-08-24,Görüntülü Bankacılık,18
2024-08-24,Hızlı Para (KMH),18
2024-08-25,FX Market,22
2024-08-25,Şube,21
2024-08-25,Görüntülü Bankacılık,19
2024-08-25,Kampanyalar,19
2024-08-25,ATM,18
2024-08-26,Çağrı Merkezi,25
2024-08-26,İhtiyaç Kredileri,25
2024-08-26,FX Market,22
2024-08-26,Kampanyalar,18
2024-08-26,Banka,17
2024-08-27,Diğer,27
2024-08-27,Hızlı Para (KMH),18
2024-08-27,Görüntülü Bankacılık,17
2024-08-27,ATM,16
2024-08-27,Çağrı Merkezi,16
2024-08-28,Getirfinans,21
2024-08-28,Görüntülü Bankacılık,21
2024-08-28,Borsa Market,19
2024-08-28,Kripto Market,18
2024-08-28,Kurumsal Bankacılık,18
2024-08-29,ATM,20
2024-08-29,İhtiyaç Kredileri,20
2024-08-29,Diğer,18
2024-08-29,Fon Market,18
2024-08-29,Banka,16
2024-08-30,Kartlar,21
2024-08-30,Fon Market,19
2024-08-30,Görüntülü Bankacılık,19
2024-08-30,FX Market,17
2024-08-30,Hızlı Para (KMH),17
2024-08-31,Fon Market,19
2024-08-31,Diğer,18
2024-08-31,Getirfinans,18
2024-08-31,Görüntülü Bankacılık,18
2024-08-31,Şube,17
2024-09-01,Hızlı Para (KMH),26
2024-09-01,Kartlar,21
2024-09-01,Banka,20
2024-09-01,Getirfinans,20
2024-09-01,Kiraz (Vadeli Hesap),20
2024-09-02,Fon Market,22
2024-09-02,Kartlar,19
2024-09-02,Kiraz (Vadeli Hesap),17
2024-09-02,Borsa Market,15
2024-09-02,FX Market,15
2024-09-03,Kampanyalar,20
2024-09-03,Kiraz (Vadeli Hesap),20
2024-09-03,Fon Market,18
2024-09-03,Alışveriş Kredisi,17
2024-09-03,Çağrı Merkezi,17
2024-09-04,Kartlar,18
2024-09-04,Çağrı Merkezi,18
2024-09-04,Getirfinans,16
2024-09-04,Diğer,15
2024-09-04,FX Market,15
2024-09-05,Borsa Market,21
2024-09-05,Kurumsal Bankacılık,20
2024-09-05,Banka,19
2024-09-05,Görüntülü Bankacılık,19
2024-09-05,Kripto Market,19
2024-09-06,Diğer,26
2024-09-06,Çağrı Merkezi,24
2024-09-06,ATM,22
2024-09-06,Kiraz (Vadeli Hesap),22
2024-09-06,İhtiyaç Kredileri,21
2024-09-07,Çağrı Merkezi,20
2024-09-07,Mobil Bankacılık,19
2024-09-07,Borsa Market,17
2024-09-07,Hızlı Para (KMH),17
2024-09-07,Kartlar,17
2024-09-08,Kripto Market,21
2024-09-08,Banka,20
2024-09-08,FX Market,20
2024-09-08,Mobil Bankacılık,19
2024-09-08,İhtiyaç Kredileri,18
2024-09-09,Mobil Bankacılık,23
2024-09-09,Hızlı Para (KMH),21
2024-09-09,ATM,19
2024-09-09,Banka,17
2024-09-09,Getirfinans,16
2024-09-10,Çağrı Merkezi,20
2024-09-10,ATM,19
2024-09-10,Görüntülü Bankacılık,19
2024-09-10,Alışveriş Kredisi,18
2024-09-10,FX Market,18
2024-09-11,Görüntülü Bankacılık,20
2024-09-11,Getirfinans,19
2024-09-11,Hızlı Para (KMH),19
2024-09-11,Diğer,17
2024-09-11,FX Market,17
2024-09-12,Borsa Market,18
2024-09-12,Diğer,18
2024-09-12,Görüntülü Bankacılık,18
2024-09-12,Kiraz (Vadeli Hesap),18
2024-09-12,İhtiyaç Kredileri,18
2024-09-13,Kurumsal Bankacılık,22
2024-09-13,Kartlar,21
2024-09-13,Banka,20
2024-09-13,Borsa Market,19
2024-09-13,Şube,19
2024-09-14,Mobil Bankacılık,24
2024-09-14,Fon Market,21
2024-09-14,Borsa Market,20
2024-09-14,FX Market,18
2024-09-14,Hızlı Para (KMH),18
2024-09-15,Şube,24
2024-09-15,Borsa Market,21
2024-09-15,Kurumsal Bankacılık,20
2024-09-15,Görüntülü Bankacılık,19
2024-09-15,Kiraz (Vadeli Hesap),19
2024-09-16,Kampanyalar,21
2024-09-16,Kurumsal Bankacılık,21
2024-09-16,Fon Market,19
2024-09-16,Çağrı Merkezi,19
2024-09-16,ATM,15
2024-09-17,Kiraz (Vadeli Hesap),22
2024-09-17,Banka,21
2024-09-17,Kripto Market,21
2024-09-17,Borsa Market,19
2024-09-17,Hızlı Para (KMH),19
2024-09-18,Getirfinans,20
2024-09-18,Kripto Market,19
2024-09-18,İhtiyaç Kredileri,19
2024-09-18,Çağrı Merkezi,18
2024-09-18,Diğer,17
2024-09-19,İhtiyaç Kredileri,23
2024-09-19,Banka,22
2024-09-19,Fon Market,20
2024-09-19,Kurumsal Bankacılık,19
2024-09-19,Hızlı Para (KMH),18
2024-09-20,Fon Market,21
2024-09-20,Borsa Market,20
2024-09-20,Kurumsal Bankacılık,20
2024-09-20,Alışveriş Kredisi,19
2024-09-20,Kampanyalar,19
2024-09-21,FX Market,25
2024-09-21,Şube,25
2024-09-21,Getirfinans,19
2024-09-21,Kartlar,19
2024-09-21,ATM,17
2024-09-22,ATM,21
2024-09-22,İhtiyaç Kredileri,21
2024-09-22,Borsa Market,20
2024-09-22,FX Market,19
2024-09-22,Banka,18
2024-09-23,Mobil Bankacılık,23
2024-09-23,Hızlı Para (KMH),22
2024-09-23,Kartlar,19
2024-09-23,Çağrı Merkezi,18
2024-09-23,Alışveriş Kredisi,17
2024-09-24,Mobil Bankacılık,23
2024-09-24,Alışveriş Kredisi,22
2024-09-24,Diğer,21
2024-09-24,ATM,19
2024-09-24,Kartlar,19
2024-09-25,Çağrı Merkezi,22
2024-09-25,İhtiyaç Kredileri,21
2024-09-25,Diğer,19
2024-09-25,FX Market,19
2024-09-25,ATM,18
2024-09-26,Görüntülü Bankacılık,23
2024-09-26,ATM,21
2024-09-26,Alışveriş Kredisi,21
2024-09-26,Şube,19
2024-09-26,Borsa Market,18
2024-09-27,İhtiyaç Kredileri,28
2024-09-27,Getirfinans,20
2024-09-27,Borsa Market,18
2024-09-27,Fon Market,18
2024-09-27,Alışveriş Kredisi,16
2024-09-28,Fon Market,21
2024-09-28,Getirfinans,20
2024-09-28,Hızlı Para (KMH),20
2024-09-28,Çağrı Merkezi,20
2024-09-28,Kripto Market,19
2024-09-29,Kiraz (Vadeli Hesap),22
2024-09-29,FX Market,18
2024-09-29,Getirfinans,18
2024-09-29,Fon Market,16
2024-09-29,Mobil Bankacılık,15
2024-09-30,ATM,26
2024-09-30,Mobil Bankacılık,20
2024-09-30,Şube,19
2024-09-30,Banka,18
2024-09-30,Borsa Market,18
2024-10-01,Kampanyalar,23
2024-10-01,Fon Market,19
2024-10-01,Hızlı Para (KMH),19
2024-10-01,Mobil Bankacılık,19
2024-10-01,Görüntülü Bankacılık,18
2024-10-02,Hızlı Para (KMH),22
2024-10-02,Getirfinans,21
2024-10-02,Borsa Market,19
2024-10-02,Kampanyalar,19
2024-10-02,Kurumsal Bankacılık,19
2024-10-03,İhtiyaç Kredileri,30
2024-10-03,Kampanyalar,20
2024-10-03,Kiraz (Vadeli Hesap),19
2024-10-03,Alışveriş Kredisi,17
2024-10-03,Görüntülü Bankacılık,17
2024-10-04,ATM,20
2024-10-04,İhtiyaç Kredileri,20
2024-10-04,Getirfinans,19
2024-10-04,Görüntülü Bankacılık,19
2024-10-04,Banka,18
2024-10-05,Kampanyalar,19
2024-10-05,Kiraz (Vadeli Hesap),19
2024-10-05,Diğer,18
2024-10-05,Hızlı Para (KMH),18
2024-10-05,Kurumsal Bankacılık,18
2024-10-06,ATM,23
2024-10-06,Şube,18
2024-10-06,Alışveriş Kredisi,16
2024-10-06,Banka,16
2024-10-06,FX Market,16
2024-10-07,Kurumsal Bankacılık,22
2024-10-07,FX Market,18
2024-10-07,Görüntülü Bankacılık,17
2024-10-07,Mobil Bankacılık,17
2024-10-07,ATM,16
2024-10-08,İhtiyaç Kredileri,23
2024-10-08,Alışveriş Kredisi,21
2024-10-08,FX Market,19
2024-10-08,Kampanyalar,19
2024-10-08,Kartlar,19
2024-10-09,Alışveriş Kredisi,22
2024-10-09,Getirfinans,19
2024-10-09,Çağrı Merkezi,17
2024-10-09,Diğer,16
2024-10-09,Hızlı Para (KMH),16
2024-10-10,Şube,22
2024-10-10,FX Market,21
2024-10-10,ATM,19
2024-10-10,Banka,18
2024-10-10,Mobil Bankacılık,17
2024-10-11,Mobil Bankacılık,22
2024-10-11,İhtiyaç Kredileri,22
2024-10-11,Görüntülü Bankacılık,19
2024-10-11,Kurumsal Bankacılık,18
2024-10-11,Getirfinans,17
2024-10-12,Banka,21
2024-10-12,Kurumsal Bankacılık,21
2024-10-12,Mobil Bankacılık,16
2024-10-12,Şube,15
2024-10-12,Borsa Market,14
2024-10-13,Fon Market,20
2024-10-13,Kiraz (Vadeli Hesap),20
2024-10-13,Diğer,18
2024-10-13,Çağrı Merkezi,18
2024-10-13,Alışveriş Kredisi,17
2024-10-14,Kartlar,27
2024-10-14,Kripto Market,22
2024-10-14,Mobil Bankacılık,18
2024-10-14,Fon Market,16
2024-10-14,Borsa Market,15
2024-10-15,Kiraz (Vadeli Hesap),17
2024-10-15,Banka,16
2024-10-15,Kampanyalar,16
2024-10-15,Fon Market,15
2024-10-15,Getirfinans,14
2024-10-16,İhtiyaç Kredileri,18
2024-10-16,FX Market,16
2024-10-16,Hızlı Para (KMH),16
2024-10-16,Şube,16
2024-10-16,ATM,15
2024-10-17,FX Market,18
2024-10-17,Kiraz (Vadeli Hesap),18
2024-10-17,Diğer,17
2024-10-17,Görüntülü Bankacılık,17
2024-10-17,Kampanyalar,17
2024-10-18,Hızlı Para (KMH),19
2024-10-18,Görüntülü Bankacılık,18
2024-10-18,Fon Market,17
2024-10-18,Çağrı Merkezi,17
2024-10-18,Diğer,16
2024-10-19,İhtiyaç Kredileri,24
2024-10-19,Görüntülü Bankacılık,20
2024-10-19,Getirfinans,18
2024-10-19,Banka,17
2024-10-19,Kurumsal Bankacılık,17
2024-10-20,Kiraz (Vadeli Hesap),22
2024-10-20,Alışveriş Kredisi,19
2024-10-20,Kurumsal Bankacılık,19
2024-10-20,Kartlar,18
2024-10-20,Çağrı Merkezi,18
2024-10-21,Şube,21
2024-10-21,Banka,18
2024-10-21,FX Market,18
2024-10-21,Görüntülü Bankacılık,18
2024-10-21,Kripto Market,18
2024-10-22,Getirfinans,23
2024-10-22,Fon Market,22
2024-10-22,Alışveriş Kredisi,19
2024-10-22,Kripto Market,19
2024-10-22,Çağrı Merkezi,18
2024-10-23,Fon Market,21
2024-10-23,Kiraz (Vadeli Hesap),19
2024-10-23,Mobil Bankacılık,18
2024-10-23,ATM,16
2024-10-23,Borsa Market,16
2024-10-24,Kampanyalar,26
2024-10-24,ATM,23
2024-10-24,Banka,22
2024-10-24,Kiraz (Vadeli Hesap),21
2024-10-24,Mobil Bankacılık,21
2024-10-25,Alışveriş Kredisi,20
2024-10-25,Hızlı Para (KMH),16
2024-10-25,Getirfinans,15
2024-10-25,Görüntülü Bankacılık,15
2024-10-25,Kartlar,15
2024-10-26,Fon Market,24
2024-10-26,Kurumsal Bankacılık,18
2024-10-26,Alışveriş Kredisi,17
2024-10-26,Getirfinans,17
2024-10-26,İhtiyaç Kredileri,17
2024-10-27,Çağrı Merkezi,23
2024-10-27,Fon Market,22
2024-10-27,FX Market,19
2024-10-27,Kampanyalar,16
2024-10-27,Kripto Market,16
2024-10-28,Kartlar,19
2024-10-28,Borsa Market,17
2024-10-28,Kurumsal Bankacılık,17
2024-10-28,Alışveriş Kredisi,16
2024-10-28,Diğer,16
2024-10-29,FX Market,24
2024-10-29,İhtiyaç Kredileri,23
2024-10-29,Banka,21
2024-10-29,Fon Market,18
2024-10-29,Alışveriş Kredisi,16
2024-10-30,Çağrı Merkezi,24
2024-10-30,Hızlı Para (KMH),20
2024-10-30,Borsa Market,18
2024-10-30,Görüntülü Bankacılık,18
2024-10-30,Kartlar,17
2024-10-31,Diğer,27
2024-10-31,ATM,21
2024-10-31,Borsa Market,21
2024-10-31,Kripto Market,21
2024-10-31,Görüntülü Bankacılık,20
2024-11-01,Diğer,20
2024-11-01,Kartlar,20
2024-11-01,Hızlı Para (KMH),18
2024-11-01,Görüntülü Bankacılık,17
2024-11-01,Alışveriş Kredisi,16
2024-11-02,FX Market,23
2024-11-02,Kripto Market,23
2024-11-02,Kartlar,18
2024-11-02,Fon Market,16
2024-11-02,Kampanyalar,16
2024-11-03,Çağrı Merkezi,25
2024-11-03,ATM,22
2024-11-03,Fon Market,20
2024-11-03,Görüntülü Bankacılık,20
2024-11-03,Getirfinans,19
2024-11-04,Diğer,23
2024-11-04,Kripto Market,22
2024-11-04,Görüntülü Bankacılık,21
2024-11-04,Hızlı Para (KMH),21
2024-11-04,ATM,16
2024-11-05,Banka,21
2024-11-05,ATM,20
2024-11-05,Diğer,19
2024-11-05,Alışveriş Kredisi,18
2024-11-05,Mobil Bankacılık,18
2024-11-06,Çağrı Merkezi,21
2024-11-06,Banka,20
2024-11-06,Mobil Bankacılık,20
2024-11-06,Borsa Market,19
2024-11-06,ATM,18
2024-11-07,Kiraz (Vadeli Hesap),21
2024-11-07,ATM,20
2024-11-07,Mobil Bankacılık,20
2024-11-07,Çağrı Merkezi,20
2024-11-07,FX Market,19
2024-11-08,FX Market,21
2024-11-08,Getirfinans,19
2024-11-08,Kurumsal Bankacılık,18
2024-11-08,Kampanyalar,17
2024-11-08,Kartlar,17
2024-11-09,Şube,21
2024-11-09,Kripto Market,20
2024-11-09,Mobil Bankacılık,19
2024-11-09,Fon Market,17
2024-11-09,Banka,16
2024-11-10,Mobil Bankacılık,24
2024-11-10,Kiraz (Vadeli Hesap),20
2024-11-10,İhtiyaç Kredileri,20
2024-11-10,Kampanyalar,18
2024-11-10,Hızlı Para (KMH),17
2024-11-11,Görüntülü Bankacılık,22
2024-11-11,Kartlar,20
2024-11-11,Kiraz (Vadeli Hesap),20
2024-11-11,Getirfinans,19
2024-11-11,Fon Market,18
2024-11-12,Mobil Bankacılık,22
2024-11-12,ATM,19
2024-11-12,Getirfinans,19
2024-11-12,Çağrı Merkezi,19
2024-11-12,Banka,18
2024-11-13,Kiraz (Vadeli Hesap),21
2024-11-13,Görüntülü Bankacılık,18
2024-11-13,Mobil Bankacılık,18
2024-11-13,Fon Market,17
2024-11-13,Diğer,16
2024-11-14,FX Market,21
2024-11-14,ATM,18
2024-11-14,Borsa Market,18
2024-11-14,Getirfinans,16
2024-11-14,Kartlar,16
2024-11-15,Hızlı Para (KMH),25
2024-11-15,Borsa Market,22
2024-11-15,Fon Market,19
2024-11-15,Kartlar,17
2024-11-15,Kiraz (Vadeli Hesap),16
2024-11-16,Borsa Market,26
2024-11-16,Mobil Bankacılık,18
2024-11-16,İhtiyaç Kredileri,18
2024-11-16,Alışveriş Kredisi,17
2024-11-16,FX Market,17
2024-11-17,Alışveriş Kredisi,26
2024-11-17,İhtiyaç Kredileri,22
2024-11-17,Şube,21
2024-11-17,Banka,19
2024-11-17,Fon Market,19
2024-11-18,FX Market,18
2024-11-18,Fon Market,18
2024-11-18,Kurumsal Bankacılık,18
2024-11-18,Görüntülü Bankacılık,16
2024-11-18,Hızlı Para (KMH),16
2024-11-19,Getirfinans,19
2024-11-19,Hızlı Para (KMH),19
2024-11-19,ATM,18
2024-11-19,Mobil Bankacılık,18
2024-11-19,Diğer,17
2024-11-20,FX Market,25
2024-11-20,İhtiyaç Kredileri,21
2024-11-20,Diğer,20
2024-11-20,Mobil Bankacılık,19
2024-11-20,Alışveriş Kredisi,18
2024-11-21,Çağrı Merkezi,21
2024-11-21,Banka,19
2024-11-21,Diğer,18
2024-11-21,Getirfinans,16
2024-11-21,Borsa Market,14
2024-11-22,Kampanyalar,21
2024-11-22,ATM,19
2024-11-22,Çağrı Merkezi,19
2024-11-22,FX Market,18
2024-11-22,Diğer,17
2024-11-23,Kartlar,24
2024-11-23,Alışveriş Kredisi,20
2024-11-23,Kurumsal Bankacılık,19
2024-11-23,ATM,16
2024-11-23,Banka,15
2024-11-24,ATM,22
2024-11-24,Fon Market,22
2024-11-24,Alışveriş Kredisi,18
2024-11-24,Kripto Market,16
2024-11-24,Görüntülü Bankacılık,15
2024-11-25,ATM,19
2024-11-25,Kampanyalar,18
2024-11-25,Borsa Market,17
2024-11-25,Getirfinans,17
2024-11-25,Diğer,16
2024-11-26,Kartlar,21
2024-11-26,Borsa Market,19
2024-11-26,Kiraz (Vadeli Hesap),18
2024-11-26,Fon Market,17
2024-11-26,Kripto Market,16
2024-11-27,Çağrı Merkezi,25
2024-11-27,Kartlar,21
2024-11-27,ATM,20
2024-11-27,Kampanyalar,18
2024-11-27,Banka,17
2024-11-28,Alışveriş Kredisi,23
2024-11-28,Banka,23
2024-11-28,ATM,19
2024-11-28,FX Market,19
2024-11-28,Görüntülü Bankacılık,19
2024-11-29,Mobil Bankacılık,25
2024-11-29,Çağrı Merkezi,20
2024-11-29,Kampanyalar,18
2024-11-29,Görüntülü Bankacılık,17
2024-11-29,Kurumsal Bankacılık,17
2024-11-30,Kampanyalar,21
2024-11-30,Kripto Market,21
2024-11-30,Alışveriş Kredisi,17
2024-11-30,Mobil Bankacılık,17
2024-11-30,Görüntülü Bankacılık,15
2024-12-01,Banka,25
2024-12-01,Kampanyalar,18
2024-12-01,Kiraz (Vadeli Hesap),17
2024-12-01,Kripto Market,17
2024-12-01,Kurumsal Bankacılık,17
2024-12-02,İhtiyaç Kredileri,26
2024-12-02,Banka,20
2024-12-02,Kurumsal Bankacılık,20
2024-12-02,ATM,17
2024-12-02,Kartlar,17
2024-12-03,Getirfinans,19
2024-12-03,Çağrı Merkezi,19
2024-12-03,Mobil Bankacılık,18
2024-12-03,Kiraz (Vadeli Hesap),16
2024-12-03,Kurumsal Bankacılık,16
2024-12-04,Alışveriş Kredisi,20
2024-12-04,Banka,20
2024-12-04,Şube,20
2024-12-04,ATM,18
2024-12-04,Kurumsal Bankacılık,18
2024-12-05,Kiraz (Vadeli Hesap),20
2024-12-05,Getirfinans,17
2024-12-05,Görüntülü Bankacılık,17
2024-12-05,Kurumsal Bankacılık,17
2024-12-05,Diğer,16
2024-12-06,Mobil Bankacılık,19
2024-12-06,Kartlar,18
2024-12-06,Kampanyalar,17
2024-12-06,Şube,17
2024-12-06,Alışveriş Kredisi,16
2024-12-07,Çağrı Merkezi,25
2024-12-07,Kiraz (Vadeli Hesap),22
2024-12-07,FX Market,20
2024-12-07,Getirfinans,20
2024-12-07,ATM,19
2024-12-08,Kampanyalar,25
2024-12-08,Getirfinans,24
2024-12-08,İhtiyaç Kredileri,20
2024-12-08,Borsa Market,17
2024-12-08,Kartlar,17
2024-12-09,FX Market,24
2024-12-09,Banka,21
2024-12-09,Hızlı Para (KMH),21
2024-12-09,Kampanyalar,17
2024-12-09,Kripto Market,17
2024-12-10,Diğer,27
2024-12-10,Şube,23
2024-12-10,Fon Market,21
2024-12-10,Getirfinans,19
2024-12-10,Görüntülü Bankacılık,17
2024-12-11,Getirfinans,23
2024-12-11,Alışveriş Kredisi,17
2024-12-11,Kiraz (Vadeli Hesap),15
2024-12-11,Borsa Market,14
2024-12-11,Kurumsal Bankacılık,14
2024-12-12,Kurumsal Bankacılık,24
2024-12-12,Görüntülü Bankacılık,19
2024-12-12,Hızlı Para (KMH),19
2024-12-12,FX Market,17
2024-12-12,Kampanyalar,17
2024-12-13,Kampanyalar,24
2024-12-13,Kartlar,22
2024-12-13,Getirfinans,21
2024-12-13,Alışveriş Kredisi,20
2024-12-13,Çağrı Merkezi,19
2024-12-14,Borsa Market,21
2024-12-14,Alışveriş Kredisi,19
2024-12-14,Görüntülü Bankacılık,19
2024-12-14,Kampanyalar,18
2024-12-14,Çağrı Merkezi,18
2024-12-15,Alışveriş Kredisi,23
2024-12-15,Getirfinans,19
2024-12-15,Kampanyalar,18
2024-12-15,Mobil Bankacılık,18
2024-12-15,Diğer,17
2024-12-16,Kampanyalar,24
2024-12-16,Borsa Market,21
2024-12-16,Hızlı Para (KMH),18
2024-12-16,Kripto Market,18
2024-12-16,Çağrı Merkezi,18
2024-12-17,Diğer,24
2024-12-17,Fon Market,19
2024-12-17,Alışveriş Kredisi,18
2024-12-17,Getirfinans,17
2024-12-17,Kampanyalar,17
2024-12-18,Alışveriş Kredisi,22
2024-12-18,Kartlar,19
2024-12-18,Fon Market,17
2024-12-18,ATM,16
2024-12-18,Kurumsal Bankacılık,16
2024-12-19,Şube,18
2024-12-19,Banka,17
2024-12-19,Kartlar,17
2024-12-19,İhtiyaç Kredileri,17
2024-12-19,Alışveriş Kredisi,16
2024-12-20,FX Market,23
2024-12-20,Mobil Bankacılık,20
2024-12-20,Çağrı Merkezi,20
2024-12-20,Diğer,19
2024-12-20,Fon Market,19
2024-12-21,Kartlar,21
2024-12-21,İhtiyaç Kredileri,20
2024-12-21,Şube,19
2024-12-21,ATM,18
2024-12-21,Banka,17
2024-12-22,Hızlı Para (KMH),24
2024-12-22,Borsa Market,22
2024-12-22,Fon Market,22
2024-12-22,Kurumsal Bankacılık,19
2024-12-22,Alışveriş Kredisi,18
2024-12-23,Kripto Market,23
2024-12-23,Alışveriş Kredisi,22
2024-12-23,FX Market,19
2024-12-23,Fon Market,19
2024-12-23,Görüntülü Bankacılık,18
2024-12-24,Kartlar,25
2024-12-24,Fon Market,24
2024-12-24,Diğer,22
2024-12-24,Kurumsal Bankacılık,17
2024-12-24,Kampanyalar,16
2024-12-25,Kiraz (Vadeli Hesap),23
2024-12-25,Çağrı Merkezi,20
2024-12-25,Alışveriş Kredisi,18
2024-12-25,Fon Market,17
2024-12-25,Kurumsal Bankacılık,17
2024-12-26,Hızlı Para (KMH),22
2024-12-26,Çağrı Merkezi,20
2024-12-26,Borsa Market,18
2024-12-26,Banka,17
2024-12-26,Diğer,17
2024-12-27,İhtiyaç Kredileri,28
2024-12-27,Kartlar,20
2024-12-27,Mobil Bankacılık,19
2024-12-27,Şube,18
2024-12-27,Fon Market,15
2024-12-28,Fon Market,25
2024-12-28,Kurumsal Bankacılık,18
2024-12-28,Alışveriş Kredisi,17
2024-12-28,Getirfinans,17
2024-12-28,ATM,16
2024-12-29,Alışveriş Kredisi,24
2024-12-29,Kripto Market,24
2024-12-29,Hızlı Para (KMH),18
2024-12-29,Kurumsal Bankacılık,18
2024-12-29,FX Market,17
2024-12-30,Görüntülü Bankacılık,21
2024-12-30,Borsa Market,19
2024-12-30,Getirfinans,19
2024-12-30,Kartlar,17
2024-12-30,ATM,16
2024-12-31,Alışveriş Kredisi,24
2024-12-31,ATM,19
2024-12-31,Hızlı Para (KMH),18
2024-12-31,Çağrı Merkezi,18
2024-12-31,İhtiyaç Kredileri,18
2025-01-01,Görüntülü Bankacılık,23
2025-01-01,Fon Market,20
2025-01-01,İhtiyaç Kredileri,19
2025-01-01,Hızlı Para (KMH),18
2025-01-01,Çağrı Merkezi,17
2025-01-02,Şube,22
2025-01-02,Kampanyalar,18
2025-01-02,Mobil Bankacılık,18
2025-01-02,ATM,16
2025-01-02,Kartlar,16
2025-01-03,Borsa Market,21
2025-01-03,FX Market,21
2025-01-03,Diğer,20
2025-01-03,ATM,19
2025-01-03,Kartlar,19
2025-01-04,Kampanyalar,21
2025-01-04,Getirfinans,17
2025-01-04,Kurumsal Bankacılık,17
2025-01-04,Alışveriş Kredisi,16
2025-01-04,Fon Market,16
2025-01-05,Banka,19
2025-01-05,Kurumsal Bankacılık,18
2025-01-05,Mobil Bankacılık,17
2025-01-05,İhtiyaç Kredileri,17
2025-01-05,Kampanyalar,16
2025-01-06,Hızlı Para (KMH),23
2025-01-06,Fon Market,20
2025-01-06,Getirfinans,20
2025-01-06,FX Market,16
2025-01-06,Kampanyalar,16
2025-01-07,Hızlı Para (KMH),26
2025-01-07,Mobil Bankacılık,21
2025-01-07,Kartlar,20
2025-01-07,İhtiyaç Kredileri,17
2025-01-07,ATM,16
2025-01-08,FX Market,24
2025-01-08,Alışveriş Kredisi,23
2025-01-08,Görüntülü Bankacılık,20
2025-01-08,Çağrı Merkezi,20
2025-01-08,Hızlı Para (KMH),19
2025-01-09,Şube,20
2025-01-09,Alışveriş Kredisi,18
2025-01-09,Banka,18
2025-01-09,Kampanyalar,18
2025-01-09,İhtiyaç Kredileri,18
2025-01-10,Diğer,21
2025-01-10,Çağrı Merkezi,21
2025-01-10,Kripto Market,20
2025-01-10,İhtiyaç Kredileri,17
2025-01-10,Alışveriş Kredisi,16
2025-01-11,İhtiyaç Kredileri,23
2025-01-11,Kartlar,21
2025-01-11,Diğer,20
2025-01-11,Kripto Market,19
2025-01-11,Borsa Market,18
2025-01-12,Kiraz (Vadeli Hesap),26
2025-01-12,Diğer,20
2025-01-12,Hızlı Para (KMH),20
2025-01-12,Kampanyalar,19
2025-01-12,Kartlar,18
2025-01-13,Getirfinans,21
2025-01-13,Fon Market,20
2025-01-13,Şube,20
2025-01-13,Çağrı Merkezi,19
2025-01-13,Kripto Market,18
2025-01-14,Getirfinans,24
2025-01-14,Mobil Bankacılık,20
2025-01-14,ATM,18
2025-01-14,Kiraz (Vadeli Hesap),18
2025-01-14,Kampanyalar,17
2025-01-15,Kartlar,22
2025-01-15,ATM,20
2025-01-15,Mobil Bankacılık,17
2025-01-15,Çağrı Merkezi,17
2025-01-15,Diğer,16
2025-01-16,Hızlı Para (KMH),20
2025-01-16,Banka,18
2025-01-16,Kartlar,18
2025-01-16,Mobil Bankacılık,18
2025-01-16,Alışveriş Kredisi,16
2025-01-17,Getirfinans,21
2025-01-17,Kurumsal Bankacılık,20
2025-01-17,Şube,20
2025-01-17,Borsa Market,18
2025-01-17,İhtiyaç Kredileri,18
2025-01-18,Banka,22
2025-01-18,ATM,21
2025-01-18,Fon Market,21
2025-01-18,Şube,21
2025-01-18,Alışveriş Kredisi,20
2025-01-19,Şube,22
2025-01-19,Kiraz (Vadeli Hesap),18
2025-01-19,Getirfinans,16
2025-01-19,Mobil Bankacılık,16
2025-01-19,Kampanyalar,15
2025-01-20,Fon Market,19
2025-01-20,Kampanyalar,18
2025-01-20,Görüntülü Bankacılık,16
2025-01-20,Mobil Bankacılık,16
2025-01-20,Borsa Market,15
2025-01-21,Hızlı Para (KMH),19
2025-01-21,ATM,18
2025-01-21,Şube,17
2025-01-21,Görüntülü Bankacılık,16
2025-01-21,Kurumsal Bankacılık,16
2025-01-22,Mobil Bankacılık,22
2025-01-22,Çağrı Merkezi,20
2025-01-22,Borsa Market,19
2025-01-22,Kiraz (Vadeli Hesap),19
2025-01-22,Fon Market,18
2025-01-23,FX Market,23
2025-01-23,Kampanyalar,21
2025-01-23,Kripto Market,20
2025-01-23,Kartlar,19
2025-01-23,Çağrı Merkezi,19
2025-01-24,Borsa Market,23
2025-01-24,Kripto Market,17
2025-01-24,ATM,16
2025-01-24,Getirfinans,16
2025-01-24,FX Market,15
2025-01-25,Getirfinans,24
2025-01-25,Borsa Market,17
2025-01-25,Alışveriş Kredisi,16
2025-01-25,Kiraz (Vadeli Hesap),16
2025-01-25,FX Market,15
2025-01-26,Diğer,20
2025-01-26,Fon Market,20
2025-01-26,Kampanyalar,20
2025-01-26,Getirfinans,19
2025-01-26,ATM,17
2025-01-27,Diğer,21
2025-01-27,FX Market,21
2025-01-27,Kartlar,19
2025-01-27,Getirfinans,17
2025-01-27,Kiraz (Vadeli Hesap),17
2025-01-28,Görüntülü Bankacılık,20
2025-01-28,Kurumsal Bankacılık,19
2025-01-28,ATM,18
2025-01-28,Fon Market,17
2025-01-28,Getirfinans,17
2025-01-29,Fon Market,29
2025-01-29,FX Market,22
2025-01-29,Kurumsal Bankacılık,20
2025-01-29,Görüntülü Bankacılık,18
2025-01-29,Kampanyalar,18
2025-01-30,FX Market,24
2025-01-30,Diğer,19
2025-01-30,Kampanyalar,19
2025-01-30,Mobil Bankacılık,17
2025-01-30,Alışveriş Kredisi,16
2025-01-31,Görüntülü Bankacılık,18
2025-01-31,Hızlı Para (KMH),18
2025-01-31,ATM,16
2025-01-31,Getirfinans,16
2025-01-31,Borsa Market,15
2025-02-01,Hızlı Para (KMH),25
2025-02-01,Banka,20
2025-02-01,Kripto Market,20
2025-02-01,Kiraz (Vadeli Hesap),18
2025-02-01,Kurumsal Bankacılık,17
2025-02-02,Hızlı Para (KMH),19
2025-02-02,Çağrı Merkezi,19
2025-02-02,Banka,18
2025-02-02,Kartlar,18
2025-02-02,Kiraz (Vadeli Hesap),17
2025-02-03,FX Market,28
2025-02-03,İhtiyaç Kredileri,25
2025-02-03,Getirfinans,20
2025-02-03,Kurumsal Bankacılık,20
2025-02-03,Görüntülü Bankacılık,18
2025-02-04,İhtiyaç Kredileri,23
2025-02-04,ATM,22
2025-02-04,Diğer,18
2025-02-04,Getirfinans,18
2025-02-04,Kampanyalar,18
2025-02-05,Hızlı Para (KMH),23
2025-02-05,Şube,21
2025-02-05,Borsa Market,20
2025-02-05,Kurumsal Bankacılık,19
2025-02-05,Kartlar,18
2025-02-06,Mobil Bankacılık,22
2025-02-06,Görüntülü Bankacılık,20
2025-02-06,Kampanyalar,17
2025-02-06,ATM,16
2025-02-06,Alışveriş Kredisi,16
2025-02-07,İhtiyaç Kredileri,22
2025-02-07,Kartlar,21
2025-02-07,Diğer,19
2025-02-07,Mobil Bankacılık,19
2025-02-07,Fon Market,18
2025-02-08,Çağrı Merkezi,22
2025-02-08,Kampanyalar,21
2025-02-08,İhtiyaç Kredileri,20
2025-02-08,Borsa Market,18
2025-02-08,Hızlı Para (KMH),18
2025-02-09,FX Market,24
2025-02-09,Kiraz (Vadeli Hesap),19
2025-02-09,Getirfinans,18
2025-02-09,Kampanyalar,16
2025-02-09,Çağrı Merkezi,16
2025-02-10,Kripto Market,19
2025-02-10,Alışveriş Kredisi,18
2025-02-10,Kiraz (Vadeli Hesap),18
2025-02-10,Borsa Market,17
2025-02-10,Kurumsal Bankacılık,17
2025-02-11,İhtiyaç Kredileri,24
2025-02-11,Diğer,20
2025-02-11,Hızlı Para (KMH),19
2025-02-11,Banka,18
2025-02-11,Getirfinans,18
2025-02-12,Diğer,22
2025-02-12,Getirfinans,21
2025-02-12,Kartlar,21
2025-02-12,Kurumsal Bankacılık,21
2025-02-12,İhtiyaç Kredileri,20
2025-02-13,ATM,19
2025-02-13,Alışveriş Kredisi,19
2025-02-13,Fon Market,19
2025-02-13,Çağrı Merkezi,19
2025-02-13,Kartlar,18
2025-02-14,Kiraz (Vadeli Hesap),24
2025-02-14,Kripto Market,24
2025-02-14,Kartlar,21
2025-02-14,Banka,20
2025-02-14,Kampanyalar,20
2025-02-15,ATM,20
2025-02-15,Diğer,18
2025-02-15,İhtiyaç Kredileri,18
2025-02-15,Alışveriş Kredisi,17
2025-02-15,Hızlı Para (KMH),17
2025-02-16,ATM,21
2025-02-16,Diğer,21
2025-02-16,Alışveriş Kredisi,19
2025-02-16,Görüntülü Bankacılık,18
2025-02-16,Kartlar,18
2025-02-17,Şube,20
2025-02-17,Getirfinans,18
2025-02-17,Kripto Market,18
2025-02-17,Alışveriş Kredisi,17
2025-02-17,Kurumsal Bankacılık,16
2025-02-18,Kurumsal Bankacılık,24
2025-02-18,Görüntülü Bankacılık,23
2025-02-18,ATM,21
2025-02-18,Banka,21
2025-02-18,Fon Market,21
2025-02-19,Alışveriş Kredisi,23
2025-02-19,Banka,22
2025-02-19,ATM,18
2025-02-19,Fon Market,17
2025-02-19,Diğer,16
2025-02-20,İhtiyaç Kredileri,23
2025-02-20,FX Market,19
2025-02-20,Getirfinans,19
2025-02-20,Alışveriş Kredisi,17
2025-02-20,Banka,17
2025-02-21,Borsa Market,23
2025-02-21,Kripto Market,21
2025-02-21,Getirfinans,20
2025-02-21,ATM,19
2025-02-21,Alışveriş Kredisi,17
2025-02-22,Borsa Market,24
2025-02-22,Mobil Bankacılık,20
2025-02-22,Banka,19
2025-02-22,Kiraz (Vadeli Hesap),18
2025-02-22,FX Market,17
2025-02-23,Getirfinans,25
2025-02-23,Kampanyalar,24
2025-02-23,Diğer,21
2025-02-23,ATM,20
2025-02-23,Alışveriş Kredisi,19
2025-02-24,Hızlı Para (KMH),19
2025-02-24,Görüntülü Bankacılık,18
2025-02-24,Kampanyalar,18
2025-02-24,Fon Market,17
2025-02-24,Kurumsal Bankacılık,17
2025-02-25,Fon Market,23
2025-02-25,Kurumsal Bankacılık,22
2025-02-25,Çağrı Merkezi,19
2025-02-25,Kiraz (Vadeli Hesap),18
2025-02-25,FX Market,16
2025-02-26,İhtiyaç Kredileri,23
2025-02-26,Kurumsal Bankacılık,19
2025-02-26,Banka,18
2025-02-26,Şube,18
2025-02-26,Getirfinans,17
2025-02-27,Hızlı Para (KMH),19
2025-02-27,Görüntülü Bankacılık,18
2025-02-27,Çağrı Merkezi,17
2025-02-27,Diğer,16
2025-02-27,FX Market,16
2025-02-28,Mobil Bankacılık,22
2025-02-28,Diğer,21
2025-02-28,Kripto Market,21
2025-02-28,İhtiyaç Kredileri,20
2025-02-28,Alışveriş Kredisi,19
2025-03-01,Kripto Market,20
2025-03-01,İhtiyaç Kredileri,19
2025-03-01,Alışveriş Kredisi,16
2025-03-01,Görüntülü Bankacılık,16
2025-03-01,Çağrı Merkezi,16
2025-03-02,FX Market,20
2025-03-02,Görüntülü Bankacılık,18
2025-03-02,Kripto Market,18
2025-03-02,İhtiyaç Kredileri,18
2025-03-02,Banka,16
2025-03-03,Kripto Market,21
2025-03-03,Çağrı Merkezi,20
2025-03-03,Alışveriş Kredisi,18
2025-03-03,Getirfinans,17
2025-03-03,İhtiyaç Kredileri,17
2025-03-04,Borsa Market,25
2025-03-04,İhtiyaç Kredileri,21
2025-03-04,Fon Market,20
2025-03-04,ATM,19
2025-03-04,Alışveriş Kredisi,19
2025-03-05,Getirfinans,23
2025-03-05,Alışveriş Kredisi,20
2025-03-05,Borsa Market,19
2025-03-05,Hızlı Para (KMH),19
2025-03-05,Kiraz (Vadeli Hesap),19
2025-03-06,Diğer,27
2025-03-06,Çağrı Merkezi,21
2025-03-06,Kurumsal Bankacılık,20
2025-03-06,Mobil Bankacılık,19
2025-03-06,FX Market,18
2025-03-07,Hızlı Para (KMH),28
2025-03-07,Alışveriş Kredisi,21
2025-03-07,Fon Market,21
2025-03-07,Şube,19
2025-03-07,Getirfinans,16
2025-03-08,Çağrı Merkezi,25
2025-03-08,Görüntülü Bankacılık,23
2025-03-08,Diğer,18
2025-03-08,Hızlı Para (KMH),18
2025-03-08,Alışveriş Kredisi,17
2025-03-09,FX Market,24
2025-03-09,Kurumsal Bankacılık,20
2025-03-09,Alışveriş Kredisi,19
2025-03-09,Borsa Market,19
2025-03-09,Diğer,19
2025-03-10,Getirfinans,20
2025-03-10,Kartlar,18
2025-03-10,Kripto Market,18
2025-03-10,Kurumsal Bankacılık,16
2025-03-10,Şube,16
2025-03-11,FX Market,22
2025-03-11,Kartlar,19
2025-03-11,Borsa Market,18
2025-03-11,Çağrı Merkezi,18
2025-03-11,İhtiyaç Kredileri,18
2025-03-12,Çağrı Merkezi,22
2025-03-12,Getirfinans,20
2025-03-12,Kartlar,20
2025-03-12,ATM,19
2025-03-12,FX Market,19
2025-03-13,Hızlı Para (KMH),22
2025-03-13,Kiraz (Vadeli Hesap),20
2025-03-13,Çağrı Merkezi,20
2025-03-13,ATM,17
2025-03-13,Diğer,17
2025-03-14,Borsa Market,24
2025-03-14,ATM,21
2025-03-14,Fon Market,20
2025-03-14,Görüntülü Bankacılık,20
2025-03-14,Kiraz (Vadeli Hesap),18
2025-03-15,FX Market,21
2025-03-15,Kiraz (Vadeli Hesap),21
2025-03-15,Alışveriş Kredisi,20
2025-03-15,Getirfinans,20
2025-03-15,Diğer,19
2025-03-16,FX Market,20
2025-03-16,Kampanyalar,20
2025-03-16,Kartlar,20
2025-03-16,Şube,20
2025-03-16,Getirfinans,18
2025-03-17,Kartlar,22
2025-03-17,Kiraz (Vadeli Hesap),19
2025-03-17,Kripto Market,19
2025-03-17,Mobil Bankacılık,18
2025-03-17,Kampanyalar,17
2025-03-18,Kripto Market,23
2025-03-18,Şube,21
2025-03-18,Banka,19
2025-03-18,Görüntülü Bankacılık,19
2025-03-18,Hızlı Para (KMH),17
2025-03-19,Görüntülü Bankacılık,22
2025-03-19,Kartlar,21
2025-03-19,Çağrı Merkezi,18
2025-03-19,İhtiyaç Kredileri,18
2025-03-19,Borsa Market,17
2025-03-20,Banka,20
2025-03-20,Çağrı Merkezi,17
2025-03-20,Diğer,15
2025-03-20,Kurumsal Bankacılık,15
2025-03-20,Kampanyalar,14
2025-03-21,ATM,21
2025-03-21,Fon Market,20
2025-03-21,Hızlı Para (KMH),20
2025-03-21,Borsa Market,19
2025-03-21,Getirfinans,19
2025-03-22,Kiraz (Vadeli Hesap),22
2025-03-22,Çağrı Merkezi,22
2025-03-22,Alışveriş Kredisi,18
2025-03-22,Borsa Market,18
2025-03-22,Görüntülü Bankacılık,18
2025-03-23,Hızlı Para (KMH),20
2025-03-23,Kripto Market,18
2025-03-23,Çağrı Merkezi,18
2025-03-23,Görüntülü Bankacılık,17
2025-03-23,Kiraz (Vadeli Hesap),17
2025-03-24,Getirfinans,21
2025-03-24,ATM,20
2025-03-24,Fon Market,20
2025-03-24,Mobil Bankacılık,20
2025-03-24,Alışveriş Kredisi,18
2025-03-25,Borsa Market,20
2025-03-25,Kripto Market,20
2025-03-25,Fon Market,19
2025-03-25,Getirfinans,19
2025-03-25,Kampanyalar,19
2025-03-26,Hızlı Para (KMH),19
2025-03-26,Görüntülü Bankacılık,18
2025-03-26,Mobil Bankacılık,18
2025-03-26,Kripto Market,17
2025-03-26,Kiraz (Vadeli Hesap),16
2025-03-27,ATM,23
2025-03-27,Alışveriş Kredisi,21
2025-03-27,Kartlar,19
2025-03-27,Kiraz (Vadeli Hesap),19
2025-03-27,İhtiyaç Kredileri,18
2025-03-28,ATM,18
2025-03-28,Fon Market,17
2025-03-28,Mobil Bankacılık,17
2025-03-28,FX Market,16
2025-03-28,İhtiyaç Kredileri,16
2025-03-29,Kripto Market,19
2025-03-29,Banka,17
2025-03-29,Kiraz (Vadeli Hesap),17
2025-03-29,İhtiyaç Kredileri,16
2025-03-29,Görüntülü Bankacılık,15
2025-03-30,ATM,20
2025-03-30,İhtiyaç Kredileri,19
2025-03-30,Kartlar,18
2025-03-30,Kiraz (Vadeli Hesap),17
2025-03-30,FX Market,16
2025-03-31,Kartlar,22
2025-03-31,Kiraz (Vadeli Hesap),21
2025-03-31,Alışveriş Kredisi,18
2025-03-31,Kampanyalar,18
2025-03-31,Kripto Market,17
2025-04-01,Alışveriş Kredisi,22
2025-04-01,Borsa Market,19
2025-04-01,Fon Market,18
2025-04-01,Kartlar,17
2025-04-01,Kiraz (Vadeli Hesap),17
2025-04-02,Borsa Market,23
2025-04-02,Banka,21
2025-04-02,Kampanyalar,21
2025-04-02,Çağrı Merkezi,21
2025-04-02,Kurumsal Bankacılık,19
2025-04-03,Hızlı Para (KMH),25
2025-04-03,Getirfinans,20
2025-04-03,Kartlar,18
2025-04-03,Kripto Market,18
2025-04-03,Borsa Market,17
2025-04-04,Çağrı Merkezi,20
2025-04-04,İhtiyaç Kredileri,20
2025-04-04,Görüntülü Bankacılık,19
2025-04-04,Kurumsal Bankacılık,19
2025-04-04,Alışveriş Kredisi,18
2025-04-05,ATM,25
2025-04-05,Borsa Market,21
2025-04-05,Getirfinans,20
2025-04-05,Görüntülü Bankacılık,17
2025-04-05,Kartlar,17
2025-04-06,ATM,20
2025-04-06,Mobil Bankacılık,17
2025-04-06,Diğer,16
2025-04-06,Çağrı Merkezi,16
2025-04-06,İhtiyaç Kredileri,16
2025-04-07,Şube,23
2025-04-07,Mobil Bankacılık,21
2025-04-07,Çağrı Merkezi,21
2025-04-07,Hızlı Para (KMH),20
2025-04-07,Getirfinans,18
2025-04-08,Hızlı Para (KMH),21
2025-04-08,Kripto Market,20
2025-04-08,Alışveriş Kredisi,17
2025-04-08,Kiraz (Vadeli Hesap),17
2025-04-08,Çağrı Merkezi,17
2025-04-09,Kurumsal Bankacılık,18
2025-04-09,Alışveriş Kredisi,17
2025-04-09,Diğer,16
2025-04-09,Fon Market,16
2025-04-09,Kripto Market,16
2025-04-10,Kartlar,22
2025-04-10,Banka,18
2025-04-10,Hızlı Para (KMH),18
2025-04-10,Kampanyalar,18
2025-04-10,Borsa Market,17
2025-04-11,Kiraz (Vadeli Hesap),19
2025-04-11,Hızlı Para (KMH),18
2025-04-11,Diğer,17
2025-04-11,Borsa Market,16
2025-04-11,Çağrı Merkezi,16
2025-04-12,Kampanyalar,24
2025-04-12,Görüntülü Bankacılık,18
2025-04-12,Kartlar,18
2025-04-12,Kurumsal Bankacılık,18
2025-04-12,Şube,18
2025-04-13,Çağrı Merkezi,24
2025-04-13,Kurumsal Bankacılık,20
2025-04-13,Borsa Market,19
2025-04-13,Şube,18
2025-04-13,Kartlar,17
2025-04-14,Kampanyalar,24
2025-04-14,Getirfinans,18
2025-04-14,Mobil Bankacılık,17
2025-04-14,Görüntülü Bankacılık,16
2025-04-14,Kurumsal Bankacılık,16
2025-04-15,Görüntülü Bankacılık,22
2025-04-15,Kiraz (Vadeli Hesap),21
2025-04-15,Kurumsal Bankacılık,21
2025-04-15,İhtiyaç Kredileri,20
2025-04-15,ATM,18
2025-04-16,ATM,25
2025-04-16,Hızlı Para (KMH),23
2025-04-16,Kurumsal Bankacılık,20
2025-04-16,Görüntülü Bankacılık,19
2025-04-16,Şube,18
2025-04-17,Getirfinans,22
2025-04-17,Alışveriş Kredisi,20
2025-04-17,Borsa Market,18
2025-04-17,Fon Market,18
2025-04-17,Kiraz (Vadeli Hesap),17
2025-04-18,Banka,22
2025-04-18,FX Market,21
2025-04-18,Kiraz (Vadeli Hesap),20
2025-04-18,Görüntülü Bankacılık,17
2025-04-18,İhtiyaç Kredileri,17
2025-04-19,Banka,23
2025-04-19,İhtiyaç Kredileri,20
2025-04-19,Diğer,16
2025-04-19,FX Market,16
2025-04-19,Fon Market,15
2025-04-20,Fon Market,21
2025-04-20,Getirfinans,21
2025-04-20,Kurumsal Bankacılık,21
2025-04-20,Mobil Bankacılık,21
2025-04-20,Şube,20
2025-04-21,ATM,27
2025-04-21,Kartlar,23
2025-04-21,Diğer,20
2025-04-21,Çağrı Merkezi,19
2025-04-21,Mobil Bankacılık,18
2025-04-22,Görüntülü Bankacılık,20
2025-04-22,Kartlar,20
2025-04-22,İhtiyaç Kredileri,20
2025-04-22,Fon Market,18
2025-04-22,Çağrı Merkezi,18
2025-04-23,FX Market,21
2025-04-23,Getirfinans,21
2025-04-23,Hızlı Para (KMH),20
2025-04-23,Borsa Market,19
2025-04-23,Diğer,19
2025-04-24,Görüntülü Bankacılık,23
2025-04-24,Kripto Market,22
2025-04-24,Şube,22
2025-04-24,Banka,21
2025-04-24,Borsa Market,19
2025-04-25,İhtiyaç Kredileri,20
2025-04-25,Fon Market,19
2025-04-25,Getirfinans,18
2025-04-25,Mobil Bankacılık,18
2025-04-25,ATM,17
2025-04-26,Kampanyalar,23
2025-04-26,Çağrı Merkezi,23
2025-04-26,Diğer,22
2025-04-26,Getirfinans,22
2025-04-26,FX Market,19
2025-04-27,FX Market,21
2025-04-27,ATM,19
2025-04-27,Şube,19
2025-04-27,Fon Market,18
2025-04-27,Hızlı Para (KMH),18
2025-04-28,Kripto Market,22
2025-04-28,İhtiyaç Kredileri,21
2025-04-28,Diğer,19
2025-04-28,ATM,18
2025-04-28,Kartlar,18
2025-04-29,Getirfinans,23
2025-04-29,Kiraz (Vadeli Hesap),19
2025-04-29,İhtiyaç Kredileri,19
2025-04-29,Borsa Market,18
2025-04-29,Görüntülü Bankacılık,16
2025-04-30,Alışveriş Kredisi,19
2025-04-30,Banka,18
2025-04-30,Kripto Market,18
2025-04-30,Fon Market,16
2025-04-30,Çağrı Merkezi,16
2025-05-01,Kurumsal Bankacılık,24
2025-05-01,Getirfinans,22
2025-05-01,FX Market,21
2025-05-01,Şube,19
2025-05-01,Banka,16
2025-05-02,Diğer,19
2025-05-02,Getirfinans,19
2025-05-02,Kiraz (Vadeli Hesap),18
2025-05-02,Kripto Market,18
2025-05-02,Banka,17
2025-05-03,Mobil Bankacılık,21
2025-05-03,Şube,21
2025-05-03,Banka,19
2025-05-03,Görüntülü Bankacılık,18
2025-05-03,Alışveriş Kredisi,16
2025-05-04,Hızlı Para (KMH),27
2025-05-04,Banka,25
2025-05-04,ATM,21
2025-05-04,Görüntülü Bankacılık,17
2025-05-04,Kampanyalar,17
2025-05-05,Alışveriş Kredisi,24
2025-05-05,Görüntülü Bankacılık,22
2025-05-05,Mobil Bankacılık,19
2025-05-05,Banka,18
2025-05-05,Fon Market,17
2025-05-06,Getirfinans,20
2025-05-06,Kiraz (Vadeli Hesap),20
2025-05-06,Kartlar,19
2025-05-06,Kripto Market,19
2025-05-06,Fon Market,18
2025-05-07,Diğer,21
2025-05-07,Banka,19
2025-05-07,Hızlı Para (KMH),17
2025-05-07,Fon Market,16
2025-05-07,Görüntülü Bankacılık,16
2025-05-08,Kartlar,21
2025-05-08,Kripto Market,21
2025-05-08,Görüntülü Bankacılık,20
2025-05-08,Şube,19
2025-05-08,ATM,17
2025-05-09,Borsa Market,21
2025-05-09,Hızlı Para (KMH),21
2025-05-09,Getirfinans,20
2025-05-09,Kampanyalar,19
2025-05-09,Fon Market,17
2025-05-10,Kurumsal Bankacılık,20
2025-05-10,Çağrı Merkezi,20
2025-05-10,Borsa Market,18
2025-05-10,Kartlar,18
2025-05-10,FX Market,17
2025-05-11,Çağrı Merkezi,22
2025-05-11,Mobil Bankacılık,20
2025-05-11,Diğer,19
2025-05-11,Hızlı Para (KMH),18
2025-05-11,ATM,16
2025-05-12,Borsa Market,21
2025-05-12,Kripto Market,20
2025-05-12,Alışveriş Kredisi,17
2025-05-12,ATM,16
2025-05-12,Getirfinans,16
2025-05-13,Alışveriş Kredisi,20
2025-05-13,Hızlı Para (KMH),19
2025-05-13,Banka,17
2025-05-13,İhtiyaç Kredileri,17
2025-05-13,Diğer,16
2025-05-14,Alışveriş Kredisi,23
2025-05-14,Borsa Market,23
2025-05-14,Kurumsal Bankacılık,22
2025-05-14,FX Market,21
2025-05-14,İhtiyaç Kredileri,20
2025-05-15,Kiraz (Vadeli Hesap),25
2025-05-15,Hızlı Para (KMH),21
2025-05-15,Görüntülü Bankacılık,18
2025-05-15,Diğer,16
2025-05-15,Kartlar,16
2025-05-16,ATM,18
2025-05-16,Borsa Market,18
2025-05-16,Alışveriş Kredisi,17
2025-05-16,Görüntülü Bankacılık,17
2025-05-16,Mobil Bankacılık,17
2025-05-17,Getirfinans,22
2025-05-17,Alışveriş Kredisi,20
2025-05-17,Hızlı Para (KMH),18
2025-05-17,Kiraz (Vadeli Hesap),18
2025-05-17,Kurumsal Bankacılık,18
2025-05-18,Borsa Market,19
2025-05-18,Banka,18
2025-05-18,Diğer,18
2025-05-18,FX Market,18
2025-05-18,Kartlar,18
2025-05-19,Alışveriş Kredisi,23
2025-05-19,ATM,20
2025-05-19,Kiraz (Vadeli Hesap),19
2025-05-19,İhtiyaç Kredileri,19
2025-05-19,Getirfinans,18
2025-05-20,Kurumsal Bankacılık,22
2025-05-20,Fon Market,20
2025-05-20,Çağrı Merkezi,19
2025-05-20,Diğer,17
2025-05-20,FX Market,16
2025-05-21,Kiraz (Vadeli Hesap),19
2025-05-21,Çağrı Merkezi,19
2025-05-21,ATM,18
2025-05-21,Alışveriş Kredisi,18
2025-05-21,Borsa Market,16
2025-05-22,Fon Market,20
2025-05-22,Mobil Bankacılık,20
2025-05-22,Borsa Market,19
2025-05-22,Kurumsal Bankacılık,19
2025-05-22,Diğer,17
2025-05-23,ATM,22
2025-05-23,Borsa Market,20
2025-05-23,Hızlı Para (KMH),20
2025-05-23,Alışveriş Kredisi,19
2025-05-23,Çağrı Merkezi,18
2025-05-24,Kampanyalar,19
2025-05-24,Görüntülü Bankacılık,18
2025-05-24,ATM,15
2025-05-24,Diğer,15
2025-05-24,İhtiyaç Kredileri,14
2025-05-25,Şube,20
2025-05-25,Getirfinans,18
2025-05-25,Mobil Bankacılık,18
2025-05-25,İhtiyaç Kredileri,17
2025-05-25,FX Market,16
2025-05-26,Görüntülü Bankacılık,23
2025-05-26,Kartlar,22
2025-05-26,Hızlı Para (KMH),21
2025-05-26,Diğer,19
2025-05-26,FX Market,19
2025-05-27,İhtiyaç Kredileri,18
2025-05-27,ATM,17
2025-05-27,Fon Market,17
2025-05-27,Getirfinans,17
2025-05-27,FX Market,16
2025-05-28,Banka,25
2025-05-28,Borsa Market,20
2025-05-28,Hızlı Para (KMH),20
2025-05-28,Kiraz (Vadeli Hesap),19
2025-05-28,Getirfinans,18
2025-05-29,Hızlı Para (KMH),19
2025-05-29,Borsa Market,18
2025-05-29,Diğer,17
2025-05-29,Fon Market,17
2025-05-29,İhtiyaç Kredileri,16
2025-05-30,Kartlar,23
2025-05-30,Kurumsal Bankacılık,23
2025-05-30,Mobil Bankacılık,20
2025-05-30,Alışveriş Kredisi,18
2025-05-30,Banka,18
2025-05-31,Fon Market,25
2025-05-31,Kurumsal Bankacılık,23
2025-05-31,Çağrı Merkezi,18
2025-05-31,Şube,17
2025-05-31,Diğer,16
2025-06-01,Diğer,21
2025-06-01,Çağrı Merkezi,19
2025-06-01,Kurumsal Bankacılık,18
2025-06-01,Hızlı Para (KMH),17
2025-06-01,Kampanyalar,17
2025-06-02,Hızlı Para (KMH),19
2025-06-02,Kartlar,18
2025-06-02,Banka,16
2025-06-02,Kripto Market,16
2025-06-02,Kiraz (Vadeli Hesap),15
2025-06-03,Şube,20
2025-06-03,Banka,18
2025-06-03,FX Market,18
2025-06-03,Hızlı Para (KMH),18
2025-06-03,Çağrı Merkezi,17
2025-06-04,ATM,22
2025-06-04,Şube,21
2025-06-04,Banka,20
2025-06-04,Hızlı Para (KMH),20
2025-06-04,İhtiyaç Kredileri,19
2025-06-05,Diğer,21
2025-06-05,Alışveriş Kredisi,19
2025-06-05,Banka,19
2025-06-05,Borsa Market,18
2025-06-05,Getirfinans,17
2025-06-06,Banka,24
2025-06-06,Çağrı Merkezi,21
2025-06-06,Alışveriş Kredisi,20
2025-06-06,Mobil Bankacılık,20
2025-06-06,Kiraz (Vadeli Hesap),18
2025-06-07,Fon Market,19
2025-06-07,İhtiyaç Kredileri,19
2025-06-07,Şube,18
2025-06-07,FX Market,17
2025-06-07,Çağrı Merkezi,17
2025-06-08,Görüntülü Bankacılık,20
2025-06-08,İhtiyaç Kredileri,20
2025-06-08,ATM,18
2025-06-08,Diğer,18
2025-06-08,Hızlı Para (KMH),18
2025-06-09,Diğer,23
2025-06-09,Görüntülü Bankacılık,21
2025-06-09,Hızlı Para (KMH),18
2025-06-09,Kartlar,18
2025-06-09,Fon Market,17
2025-06-10,Banka,22
2025-06-10,Kurumsal Bankacılık,21
2025-06-10,Borsa Market,18
2025-06-10,Hızlı Para (KMH),18
2025-06-10,Kripto Market,18
2025-06-11,İhtiyaç Kredileri,21
2025-06-11,Getirfinans,18
2025-06-11,Çağrı Merkezi,18
2025-06-11,Hızlı Para (KMH),17
2025-06-11,Kripto Market,17
2025-06-12,Kampanyalar,23
2025-06-12,Banka,18
2025-06-12,Fon Market,17
2025-06-12,İhtiyaç Kredileri,17
2025-06-12,Kiraz (Vadeli Hesap),16
2025-06-13,Kiraz (Vadeli Hesap),22
2025-06-13,Fon Market,20
2025-06-13,Kartlar,18
2025-06-13,Kripto Market,18
2025-06-13,Kurumsal Bankacılık,18
2025-06-14,Kurumsal Bankacılık,20
2025-06-14,Mobil Bankacılık,20
2025-06-14,Fon Market,19
2025-06-14,Kartlar,18
2025-06-14,Kiraz (Vadeli Hesap),17
2025-06-15,Fon Market,17
2025-06-15,Getirfinans,17
2025-06-15,Kampanyalar,17
2025-06-15,Çağrı Merkezi,17
2025-06-15,Alışveriş Kredisi,16
2025-06-16,Görüntülü Bankacılık,25
2025-06-16,ATM,23
2025-06-16,Kurumsal Bankacılık,21
2025-06-16,Fon Market,19
2025-06-16,Diğer,18
2025-06-17,Borsa Market,20
2025-06-17,ATM,18
2025-06-17,Kartlar,18
2025-06-17,FX Market,16
2025-06-17,Fon Market,16
2025-06-18,Kripto Market,18
2025-06-18,Diğer,16
2025-06-18,FX Market,16
2025-06-18,Borsa Market,15
2025-06-18,Hızlı Para (KMH),15
2025-06-19,Çağrı Merkezi,21
2025-06-19,ATM,20
2025-06-19,Hızlı Para (KMH),19
2025-06-19,Kripto Market,19
2025-06-19,Banka,17
2025-06-20,Kripto Market,22
2025-06-20,Kampanyalar,19
2025-06-20,Şube,19
2025-06-20,Alışveriş Kredisi,18
2025-06-20,Kartlar,18
2025-06-21,Diğer,18
2025-06-21,Hızlı Para (KMH),18
2025-06-21,Kurumsal Bankacılık,18
2025-06-21,Şube,17
2025-06-21,Borsa Market,16
2025-06-22,Diğer,21
2025-06-22,Görüntülü Bankacılık,21
2025-06-22,Alışveriş Kredisi,18
2025-06-22,Kurumsal Bankacılık,18
2025-06-22,Kartlar,17
2025-06-23,Kampanyalar,27
2025-06-23,Kripto Market,24
2025-06-23,Alışveriş Kredisi,20
2025-06-23,Fon Market,19
2025-06-23,Hızlı Para (KMH),19
2025-06-24,Kampanyalar,22
2025-06-24,Borsa Market,21
2025-06-24,Banka,19
2025-06-24,Çağrı Merkezi,19
2025-06-24,ATM,17
2025-06-25,Borsa Market,19
2025-06-25,Kampanyalar,19
2025-06-25,Getirfinans,17
2025-06-25,Kiraz (Vadeli Hesap),16
2025-06-25,Kripto Market,16
2025-06-26,Fon Market,20
2025-06-26,Kartlar,19
2025-06-26,ATM,18
2025-06-26,Mobil Bankacılık,17
2025-06-26,Diğer,16
2025-06-27,Kartlar,23
2025-06-27,Çağrı Merkezi,19
2025-06-27,Alışveriş Kredisi,17
2025-06-27,Fon Market,17
2025-06-27,Kampanyalar,15
2025-06-28,Kripto Market,20
2025-06-28,Hızlı Para (KMH),18
2025-06-28,Kiraz (Vadeli Hesap),18
2025-06-28,Fon Market,17
2025-06-28,Görüntülü Bankacılık,17
2025-06-29,ATM,20
2025-06-29,FX Market,18
2025-06-29,Kampanyalar,18
2025-06-29,Kartlar,18
2025-06-29,Alışveriş Kredisi,17
2025-06-30,Kiraz (Vadeli Hesap),18
2025-06-30,Fon Market,17
2025-06-30,Kartlar,17
2025-06-30,Borsa Market,15
2025-06-30,Görüntülü Bankacılık,15
2025-07-01,FX Market,23
2025-07-01,Alışveriş Kredisi,22
2025-07-01,Getirfinans,20
2025-07-01,İhtiyaç Kredileri,17
2025-07-01,Kiraz (Vadeli Hesap),16
2025-07-02,Kurumsal Bankacılık,21
2025-07-02,Borsa Market,19
2025-07-02,Çağrı Merkezi,19
2025-07-02,ATM,18
2025-07-02,Fon Market,18
2025-07-03,Görüntülü Bankacılık,20
2025-07-03,Kampanyalar,19
2025-07-03,Kurumsal Bankacılık,19
2025-07-03,FX Market,18
2025-07-03,Şube,17
2025-07-04,Şube,22
2025-07-04,Alışveriş Kredisi,21
2025-07-04,Kampanyalar,18
2025-07-04,Kiraz (Vadeli Hesap),18
2025-07-04,Kurumsal Bankacılık,16
2025-07-05,Çağrı Merkezi,20
2025-07-05,İhtiyaç Kredileri,20
2025-07-05,Alışveriş Kredisi,19
2025-07-05,FX Market,18
2025-07-05,Getirfinans,18
2025-07-06,Getirfinans,19
2025-07-06,Çağrı Merkezi,19
2025-07-06,Kampanyalar,17
2025-07-06,Şube,16
2025-07-06,İhtiyaç Kredileri,15
2025-07-07,Çağrı Merkezi,23
2025-07-07,Banka,21
2025-07-07,Kartlar,20
2025-07-07,Fon Market,19
2025-07-07,Kripto Market,18
2025-07-08,Kiraz (Vadeli Hesap),22
2025-07-08,Hızlı Para (KMH),20
2025-07-08,FX Market,19
2025-07-08,Kurumsal Bankacılık,19
2025-07-08,Çağrı Merkezi,19
2025-07-09,FX Market,21
2025-07-09,Çağrı Merkezi,21
2025-07-09,ATM,19
2025-07-09,Kampanyalar,19
2025-07-09,Kripto Market,19
2025-07-10,ATM,21
2025-07-10,Mobil Bankacılık,18
2025-07-10,Çağrı Merkezi,18
2025-07-10,Fon Market,17
2025-07-10,Banka,16
2025-07-11,Kripto Market,19
2025-07-11,Mobil Bankacılık,18
2025-07-11,Şube,18
2025-07-11,ATM,17
2025-07-11,Diğer,17
2025-07-12,Fon Market,21
2025-07-12,Kripto Market,21
2025-07-12,FX Market,19
2025-07-12,Borsa Market,18
2025-07-12,Kurumsal Bankacılık,18
2025-07-13,Diğer,26
2025-07-13,Borsa Market,20
2025-07-13,Kartlar,20
2025-07-13,Getirfinans,18
2025-07-13,Çağrı Merkezi,17
2025-07-14,Görüntülü Bankacılık,22
2025-07-14,Alışveriş Kredisi,19
2025-07-14,İhtiyaç Kredileri,19
2025-07-14,Banka,18
2025-07-14,Şube,18
2025-07-15,Kripto Market,20
2025-07-15,Kartlar,18
2025-07-15,Getirfinans,17
2025-07-15,Borsa Market,16
2025-07-15,Hızlı Para (KMH),16
2025-07-16,Alışveriş Kredisi,27
2025-07-16,ATM,17
2025-07-16,Kartlar,17
2025-07-16,Banka,16
2025-07-16,Getirfinans,16
2025-07-17,İhtiyaç Kredileri,21
2025-07-17,ATM,19
2025-07-17,Şube,19
2025-07-17,Fon Market,17
2025-07-17,Kampanyalar,16
2025-07-18,İhtiyaç Kredileri,22
2025-07-18,Getirfinans,19
2025-07-18,Şube,19
2025-07-18,Borsa Market,18
2025-07-18,FX Market,18
2025-07-19,Fon Market,22
2025-07-19,Borsa Market,20
2025-07-19,ATM,19
2025-07-19,FX Market,19
2025-07-19,Hızlı Para (KMH),19
2025-07-20,FX Market,21
2025-07-20,ATM,19
2025-07-20,Banka,18
2025-07-20,Borsa Market,18
2025-07-20,Hızlı Para (KMH),18
2025-07-21,Kampanyalar,20
2025-07-21,Banka,18
2025-07-21,Şube,18
2025-07-21,Borsa Market,17
2025-07-21,Görüntülü Bankacılık,17
2025-07-22,Kurumsal Bankacılık,22
2025-07-22,Şube,19
2025-07-22,Kiraz (Vadeli Hesap),16
2025-07-22,Borsa Market,15
2025-07-22,FX Market,15
2025-07-23,Alışveriş Kredisi,21
2025-07-23,Borsa Market,21
2025-07-23,Banka,20
2025-07-23,Fon Market,20
2025-07-23,Kiraz (Vadeli Hesap),20
2025-07-24,Kiraz (Vadeli Hesap),23
2025-07-24,Fon Market,22
2025-07-24,Getirfinans,21
2025-07-24,Alışveriş Kredisi,20
2025-07-24,Borsa Market,19
2025-07-25,Borsa Market,23
2025-07-25,Mobil Bankacılık,21
2025-07-25,Kartlar,19
2025-07-25,Hızlı Para (KMH),18
2025-07-25,Banka,17
2025-07-26,Fon Market,21
2025-07-26,FX Market,19
2025-07-26,Kiraz (Vadeli Hesap),18
2025-07-26,Kurumsal Bankacılık,17
2025-07-26,Banka,16
2025-07-27,Şube,22
2025-07-27,Mobil Bankacılık,20
2025-07-27,Görüntülü Bankacılık,19
2025-07-27,Kripto Market,18
2025-07-27,Çağrı Merkezi,18
2025-07-28,Hızlı Para (KMH),21
2025-07-28,Getirfinans,19
2025-07-28,Kartlar,19
2025-07-28,Borsa Market,18
2025-07-28,Fon Market,18
2025-07-29,Kurumsal Bankacılık,22
2025-07-29,İhtiyaç Kredileri,20
2025-07-29,Kartlar,18
2025-07-29,Çağrı Merkezi,18
2025-07-29,Şube,18
2025-07-30,Mobil Bankacılık,22
2025-07-30,İhtiyaç Kredileri,20
2025-07-30,Alışveriş Kredisi,18
2025-07-30,Borsa Market,17
2025-07-30,Getirfinans,17
2025-07-31,Görüntülü Bankacılık,20
2025-07-31,Kurumsal Bankacılık,18
2025-07-31,Kiraz (Vadeli Hesap),17
2025-07-31,ATM,16
2025-07-31,Banka,16
2025-08-01,Fon Market,19
2025-08-01,Görüntülü Bankacılık,19
2025-08-01,Alışveriş Kredisi,17
2025-08-01,Kartlar,17
2025-08-01,Çağrı Merkezi,17
2025-08-02,Görüntülü Bankacılık,27
2025-08-02,Hızlı Para (KMH),26
2025-08-02,Fon Market,22
2025-08-02,Kiraz (Vadeli Hesap),19
2025-08-02,Çağrı Merkezi,18
2025-08-03,Diğer,18
2025-08-03,ATM,16
2025-08-03,Kartlar,16
2025-08-03,Kiraz (Vadeli Hesap),16
2025-08-03,Getirfinans,13
2025-08-04,İhtiyaç Kredileri,24
2025-08-04,Borsa Market,19
2025-08-04,Fon Market,19
2025-08-04,Çağrı Merkezi,18
2025-08-04,Kiraz (Vadeli Hesap),16
2025-08-05,Diğer,21
2025-08-05,Mobil Bankacılık,21
2025-08-05,Borsa Market,19
2025-08-05,ATM,18
2025-08-05,Alışveriş Kredisi,18
2025-08-06,Mobil Bankacılık,19
2025-08-06,Kiraz (Vadeli Hesap),18
2025-08-06,Kurumsal Bankacılık,18
2025-08-06,İhtiyaç Kredileri,17
2025-08-06,Fon Market,16
2025-08-07,Banka,20
2025-08-07,FX Market,19
2025-08-07,Şube,19
2025-08-07,Alışveriş Kredisi,17
2025-08-07,Kripto Market,17
2025-08-08,Alışveriş Kredisi,21
2025-08-08,Kurumsal Bankacılık,20
2025-08-08,Banka,19
2025-08-08,FX Market,19
2025-08-08,Mobil Bankacılık,19
2025-08-09,Alışveriş Kredisi,18
2025-08-09,Fon Market,18
2025-08-09,Görüntülü Bankacılık,18
2025-08-09,Kartlar,18
2025-08-09,Kampanyalar,15
2025-08-10,Çağrı Merkezi,21
2025-08-10,Fon Market,19
2025-08-10,Diğer,17
2025-08-10,ATM,16
2025-08-10,Kiraz (Vadeli Hesap),16
2025-08-11,Kampanyalar,27
2025-08-11,Borsa Market,24
2025-08-11,Getirfinans,20
2025-08-11,Diğer,19
2025-08-11,FX Market,17
2025-08-12,Alışveriş Kredisi,23
2025-08-12,Kiraz (Vadeli Hesap),20
2025-08-12,Hızlı Para (KMH),19
2025-08-12,Şube,19
2025-08-12,Kripto Market,17
2025-08-13,FX Market,20
2025-08-13,Kurumsal Bankacılık,20
2025-08-13,Banka,19
2025-08-13,Hızlı Para (KMH),19
2025-08-13,Kripto Market,19
2025-08-14,FX Market,26
2025-08-14,Alışveriş Kredisi,18
2025-08-14,ATM,17
2025-08-14,Banka,17
2025-08-14,Getirfinans,16
2025-08-15,Kampanyalar,20
2025-08-15,Kiraz (Vadeli Hesap),18
2025-08-15,Getirfinans,17
2025-08-15,Görüntülü Bankacılık,17
2025-08-15,Kurumsal Bankacılık,17
2025-08-16,Kurumsal Bankacılık,29
2025-08-16,Kripto Market,18
2025-08-16,ATM,16
2025-08-16,FX Market,16
2025-08-16,Fon Market,16
2025-08-17,Kurumsal Bankacılık,24
2025-08-17,Şube,21
2025-08-17,Kartlar,20
2025-08-17,ATM,18
2025-08-17,Diğer,18
2025-08-18,Fon Market,22
2025-08-18,ATM,20
2025-08-18,Çağrı Merkezi,18
2025-08-18,Hızlı Para (KMH),17
2025-08-18,Şube,17
2025-08-19,Kampanyalar,24
2025-08-19,Kripto Market,20
2025-08-19,Çağrı Merkezi,19
2025-08-19,Banka,18
2025-08-19,Borsa Market,18
2025-08-20,Şube,30
2025-08-20,Borsa Market,20
2025-08-20,ATM,19
2025-08-20,Kartlar,19
2025-08-20,Alışveriş Kredisi,17
2025-08-21,ATM,21
2025-08-21,Kampanyalar,21
2025-08-21,Fon Market,20
2025-08-21,Kurumsal Bankacılık,20
2025-08-21,Banka,17
2025-08-22,Fon Market,21
2025-08-22,Getirfinans,20
2025-08-22,Kripto Market,19
2025-08-22,Kurumsal Bankacılık,19
2025-08-22,Şube,18
2025-08-23,FX Market,21
2025-08-23,Hızlı Para (KMH),20
2025-08-23,Diğer,17
2025-08-23,Kartlar,17
2025-08-23,Alışveriş Kredisi,16
2025-08-24,Kampanyalar,25
2025-08-24,Banka,22
2025-08-24,Kartlar,22
2025-08-24,Kripto Market,19
2025-08-24,Fon Market,18
2025-08-25,Kartlar,21
2025-08-25,ATM,20
2025-08-25,Borsa Market,19
2025-08-25,FX Market,18
2025-08-25,Hızlı Para (KMH),17
2025-08-26,Şube,25
2025-08-26,Getirfinans,20
2025-08-26,Kurumsal Bankacılık,19
2025-08-26,FX Market,16
2025-08-26,Mobil Bankacılık,16
2025-08-27,ATM,20
2025-08-27,Alışveriş Kredisi,18
2025-08-27,Diğer,18
2025-08-27,Banka,17
2025-08-27,Borsa Market,17
2025-08-28,ATM,18
2025-08-28,Getirfinans,18
2025-08-28,Diğer,17
2025-08-28,Kartlar,17
2025-08-28,Kripto Market,17
2025-08-29,Banka,18
2025-08-29,Diğer,18
2025-08-29,Fon Market,16
2025-08-29,Görüntülü Bankacılık,16
2025-08-29,Kiraz (Vadeli Hesap),15
2025-08-30,Hızlı Para (KMH),24
2025-08-30,Kampanyalar,20
2025-08-30,Banka,18
2025-08-30,Getirfinans,18
2025-08-30,Şube,17
2025-08-31,ATM,22
2025-08-31,Kampanyalar,19
2025-08-31,Getirfinans,18
2025-08-31,Kartlar,18
2025-08-31,İhtiyaç Kredileri,18
2025-09-01,Kartlar,18
2025-09-01,Kurumsal Bankacılık,18
2025-09-01,Görüntülü Bankacılık,17
2025-09-01,Kiraz (Vadeli Hesap),17
2025-09-01,Şube,17
2025-09-02,Kurumsal Bankacılık,18
2025-09-02,Getirfinans,17
2025-09-02,Borsa Market,16
2025-09-02,Diğer,16
2025-09-02,İhtiyaç Kredileri,16
2025-09-03,Fon Market,19
2025-09-03,Kripto Market,19
2025-09-03,Çağrı Merkezi,19
2025-09-03,Banka,18
2025-09-03,FX Market,18
2025-09-04,Mobil Bankacılık,22
2025-09-04,Banka,20
2025-09-04,Şube,20
2025-09-04,Kartlar,18
2025-09-04,Kurumsal Bankacılık,18
2025-09-05,Getirfinans,24
2025-09-05,Fon Market,21
2025-09-05,Şube,21
2025-09-05,Kartlar,19
2025-09-05,Hızlı Para (KMH),18
2025-09-06,Kampanyalar,23
2025-09-06,Alışveriş Kredisi,22
2025-09-06,Borsa Market,21
2025-09-06,İhtiyaç Kredileri,19
2025-09-06,Çağrı Merkezi,18
2025-09-07,Fon Market,23
2025-09-07,Kampanyalar,23
2025-09-07,ATM,22
2025-09-07,Çağrı Merkezi,22
2025-09-07,Alışveriş Kredisi,20
2025-09-08,Hızlı Para (KMH),21
2025-09-08,Getirfinans,19
2025-09-08,ATM,18
2025-09-08,Diğer,17
2025-09-08,Alışveriş Kredisi,16
2025-09-09,Hızlı Para (KMH),23
2025-09-09,Şube,22
2025-09-09,Getirfinans,21
2025-09-09,Mobil Bankacılık,20
2025-09-09,Alışveriş Kredisi,19
2025-09-10,Görüntülü Bankacılık,23
2025-09-10,Kartlar,20
2025-09-10,Kripto Market,20
2025-09-10,Kiraz (Vadeli Hesap),19
2025-09-10,Borsa Market,17
2025-09-11,Şube,24
2025-09-11,ATM,23
2025-09-11,Görüntülü Bankacılık,20
2025-09-11,Alışveriş Kredisi,19
2025-09-11,Diğer,18
2025-09-12,Getirfinans,23
2025-09-12,Mobil Bankacılık,22
2025-09-12,Borsa Market,21
2025-09-12,Kurumsal Bankacılık,21
2025-09-12,Kiraz (Vadeli Hesap),20
2025-09-13,Hızlı Para (KMH),21
2025-09-13,Kartlar,19
2025-09-13,Çağrı Merkezi,18
2025-09-13,Kampanyalar,17
2025-09-13,ATM,16
2025-09-14,Hızlı Para (KMH),24
2025-09-14,ATM,19
2025-09-14,Fon Market,18
2025-09-14,Çağrı Merkezi,17
2025-09-14,İhtiyaç Kredileri,16
2025-09-15,İhtiyaç Kredileri,22
2025-09-15,Kurumsal Bankacılık,20
2025-09-15,Borsa Market,19
2025-09-15,Hızlı Para (KMH),19
2025-09-15,Görüntülü Bankacılık,18
2025-09-16,Borsa Market,20
2025-09-16,Diğer,20
2025-09-16,Hızlı Para (KMH),19
2025-09-16,ATM,18
2025-09-16,Kiraz (Vadeli Hesap),18
2025-09-17,İhtiyaç Kredileri,23
2025-09-17,Şube,22
2025-09-17,Mobil Bankacılık,20
2025-09-17,Kurumsal Bankacılık,18
2025-09-17,Borsa Market,17
2025-09-18,Banka,22
2025-09-18,Kurumsal Bankacılık,22
2025-09-18,Kampanyalar,20
2025-09-18,FX Market,19
2025-09-18,Getirfinans,19
2025-09-19,Getirfinans,24
2025-09-19,Kartlar,23
2025-09-19,Kiraz (Vadeli Hesap),19
2025-09-19,Kurumsal Bankacılık,19
2025-09-19,Banka,17
2025-09-20,Kurumsal Bankacılık,20
2025-09-20,Getirfinans,18
2025-09-20,ATM,16
2025-09-20,Kampanyalar,16
2025-09-20,Görüntülü Bankacılık,15
2025-09-21,Borsa Market,23
2025-09-21,Mobil Bankacılık,20
2025-09-21,Kartlar,19
2025-09-21,Banka,16
2025-09-21,ATM,15
2025-09-22,Borsa Market,17
2025-09-22,Hızlı Para (KMH),17
2025-09-22,Alışveriş Kredisi,16
2025-09-22,Şube,16
2025-09-22,FX Market,15
2025-09-23,Kartlar,21
2025-09-23,Hızlı Para (KMH),20
2025-09-23,Kiraz (Vadeli Hesap),17
2025-09-23,Çağrı Merkezi,17
2025-09-23,Görüntülü Bankacılık,16
2025-09-24,ATM,22
2025-09-24,Getirfinans,22
2025-09-24,Alışveriş Kredisi,21
2025-09-24,FX Market,21
2025-09-24,Fon Market,21
2025-09-25,Kurumsal Bankacılık,21
2025-09-25,Fon Market,20
2025-09-25,ATM,17
2025-09-25,Görüntülü Bankacılık,17
2025-09-25,Alışveriş Kredisi,16
2025-09-26,Kiraz (Vadeli Hesap),18
2025-09-26,Şube,17
2025-09-26,Banka,14
2025-09-26,Borsa Market,14
2025-09-26,Diğer,14
2025-09-27,Alışveriş Kredisi,23
2025-09-27,FX Market,21
2025-09-27,Kurumsal Bankacılık,21
2025-09-27,Şube,20
2025-09-27,Diğer,18
2025-09-28,Kartlar,22
2025-09-28,Kripto Market,22
2025-09-28,Fon Market,19
2025-09-28,Borsa Market,18
2025-09-28,Görüntülü Bankacılık,18
2025-09-29,Görüntülü Bankacılık,20
2025-09-29,Banka,19
2025-09-29,ATM,17
2025-09-29,Alışveriş Kredisi,17
2025-09-29,Kampanyalar,17
2025-09-30,FX Market,17
2025-09-30,Kripto Market,17
2025-09-30,Kurumsal Bankacılık,17
2025-09-30,Hızlı Para (KMH),16
2025-09-30,Mobil Bankacılık,16
2025-10-01,Kripto Market,23
2025-10-01,Banka,19
2025-10-01,Kartlar,19
2025-10-01,Çağrı Merkezi,19
2025-10-01,FX Market,17
2025-10-02,Görüntülü Bankacılık,19
2025-10-02,Şube,19
2025-10-02,Diğer,18
2025-10-02,Borsa Market,17
2025-10-02,Mobil Bankacılık,17
2025-10-03,Kartlar,20
2025-10-03,FX Market,16
2025-10-03,Getirfinans,16
2025-10-03,Kiraz (Vadeli Hesap),16
2025-10-03,Kurumsal Bankacılık,16
2025-10-04,Getirfinans,21
2025-10-04,Borsa Market,19
2025-10-04,Diğer,16
2025-10-04,Fon Market,16
2025-10-04,Görüntülü Bankacılık,16
2025-10-05,Alışveriş Kredisi,21
2025-10-05,Banka,19
2025-10-05,Fon Market,19
2025-10-05,Kartlar,19
2025-10-05,Mobil Bankacılık,19
2025-10-06,Mobil Bankacılık,23
2025-10-06,Alışveriş Kredisi,19
2025-10-06,Kartlar,19
2025-10-06,Banka,18
2025-10-06,Getirfinans,18
2025-10-07,Kiraz (Vadeli Hesap),21
2025-10-07,Diğer,20
2025-10-07,Çağrı Merkezi,20
2025-10-07,FX Market,18
2025-10-07,ATM,17
2025-10-08,Borsa Market,28
2025-10-08,Getirfinans,20
2025-10-08,Mobil Bankacılık,19
2025-10-08,Şube,18
2025-10-08,Alışveriş Kredisi,17
2025-10-09,Kripto Market,21
2025-10-09,FX Market,19
2025-10-09,Fon Market,19
2025-10-09,Çağrı Merkezi,18
2025-10-09,Şube,17
2025-10-10,Mobil Bankacılık,23
2025-10-10,ATM,22
2025-10-10,Görüntülü Bankacılık,18
2025-10-10,Diğer,16
2025-10-10,Alışveriş Kredisi,15
2025-10-11,Alışveriş Kredisi,21
2025-10-11,Kurumsal Bankacılık,17
2025-10-11,Kampanyalar,16
2025-10-11,Hızlı Para (KMH),15
2025-10-11,Kripto Market,15
2025-10-12,Kartlar,21
2025-10-12,FX Market,20
2025-10-12,Getirfinans,18
2025-10-12,Hızlı Para (KMH),18
2025-10-12,Kurumsal Bankacılık,18
2025-10-13,Şube,22
2025-10-13,Borsa Market,20
2025-10-13,İhtiyaç Kredileri,17
2025-10-13,Görüntülü Bankacılık,16
2025-10-13,Kartlar,16
2025-10-14,Görüntülü Bankacılık,24
2025-10-14,Şube,21
2025-10-14,ATM,19
2025-10-14,Getirfinans,19
2025-10-14,İhtiyaç Kredileri,19
2025-10-15,Borsa Market,22
2025-10-15,Fon Market,21
2025-10-15,Hızlı Para (KMH),20
2025-10-15,Kripto Market,19
2025-10-15,Mobil Bankacılık,18
2025-10-16,ATM,22
2025-10-16,Borsa Market,21
2025-10-16,Diğer,20
2025-10-16,Mobil Bankacılık,20
2025-10-16,Banka,18
2025-10-17,Görüntülü Bankacılık,18
2025-10-17,İhtiyaç Kredileri,16
2025-10-17,Şube,16
2025-10-17,Kiraz (Vadeli Hesap),15
2025-10-17,Alışveriş Kredisi,14
2025-10-18,Kripto Market,20
2025-10-18,Banka,19
2025-10-18,Borsa Market,18
2025-10-18,Fon Market,17
2025-10-18,Çağrı Merkezi,17
2025-10-19,Getirfinans,27
2025-10-19,Kurumsal Bankacılık,23
2025-10-19,Mobil Bankacılık,23
2025-10-19,Kiraz (Vadeli Hesap),21
2025-10-19,Kripto Market,21
2025-10-20,Alışveriş Kredisi,25
2025-10-20,Kiraz (Vadeli Hesap),21
2025-10-20,Banka,17
2025-10-20,İhtiyaç Kredileri,17
2025-10-20,Şube,17
2025-10-21,Görüntülü Bankacılık,27
2025-10-21,Fon Market,23
2025-10-21,Getirfinans,21
2025-10-21,FX Market,19
2025-10-21,Kripto Market,19
2025-10-22,Kripto Market,20
2025-10-22,Borsa Market,19
2025-10-22,Görüntülü Bankacılık,19
2025-10-22,Şube,18
2025-10-22,Alışveriş Kredisi,17
2025-10-23,Görüntülü Bankacılık,21
2025-10-23,Kiraz (Vadeli Hesap),21
2025-10-23,Mobil Bankacılık,19
2025-10-23,Fon Market,18
2025-10-23,Kampanyalar,18
2025-10-24,Alışveriş Kredisi,23
2025-10-24,Çağrı Merkezi,20
2025-10-24,Fon Market,19
2025-10-24,Kiraz (Vadeli Hesap),19
2025-10-24,İhtiyaç Kredileri,18
2025-10-25,İhtiyaç Kredileri,19
2025-10-25,FX Market,18
2025-10-25,Görüntülü Bankacılık,17
2025-10-25,ATM,16
2025-10-25,Borsa Market,16
2025-10-26,Görüntülü Bankacılık,22
2025-10-26,Banka,18
2025-10-26,Diğer,18
2025-10-26,Kurumsal Bankacılık,18
2025-10-26,Mobil Bankacılık,17
2025-10-27,Alışveriş Kredisi,22
2025-10-27,Mobil Bankacılık,19
2025-10-27,İhtiyaç Kredileri,18
2025-10-27,Hızlı Para (KMH),16
2025-10-27,Çağrı Merkezi,16
2025-10-28,Kripto Market,24
2025-10-28,Mobil Bankacılık,22
2025-10-28,Kartlar,20
2025-10-28,Alışveriş Kredisi,16
2025-10-28,Kampanyalar,16
2025-10-29,Hızlı Para (KMH),22
2025-10-29,Çağrı Merkezi,22
2025-10-29,İhtiyaç Kredileri,21
2025-10-29,Görüntülü Bankacılık,19
2025-10-29,Kripto Market,18
2025-10-30,Alışveriş Kredisi,20
2025-10-30,Şube,20
2025-10-30,Kartlar,19
2025-10-30,Borsa Market,18
2025-10-30,Getirfinans,18
2025-10-31,Diğer,22
2025-10-31,Getirfinans,20
2025-10-31,ATM,18
2025-10-31,Kripto Market,17
2025-10-31,Hızlı Para (KMH),16
2025-11-01,Alışveriş Kredisi,24
2025-11-01,Kripto Market,24
2025-11-01,Fon Market,21
2025-11-01,Kiraz (Vadeli Hesap),20
2025-11-01,Hızlı Para (KMH),19
2025-11-02,ATM,22
2025-11-02,İhtiyaç Kredileri,21
2025-11-02,Alışveriş Kredisi,17
2025-11-02,Mobil Bankacılık,17
2025-11-02,FX Market,16
2025-11-03,İhtiyaç Kredileri,22
2025-11-03,Kampanyalar,17
2025-11-03,Hızlı Para (KMH),16
2025-11-03,Kartlar,16
2025-11-03,Kiraz (Vadeli Hesap),16
2025-11-04,Hızlı Para (KMH),22
2025-11-04,Banka,19
2025-11-04,Kripto Market,18
2025-11-04,Çağrı Merkezi,18
2025-11-04,İhtiyaç Kredileri,18
2025-11-05,Kripto Market,19
2025-11-05,Kartlar,18
2025-11-05,Kiraz (Vadeli Hesap),17
2025-11-05,Mobil Bankacılık,17
2025-11-05,Borsa Market,14
2025-11-06,Alışveriş Kredisi,21
2025-11-06,Diğer,21
2025-11-06,Kripto Market,21
2025-11-06,ATM,18
2025-11-06,FX Market,18
2025-11-07,Banka,22
2025-11-07,Getirfinans,21
2025-11-07,ATM,19
2025-11-07,Kiraz (Vadeli Hesap),19
2025-11-07,Diğer,18
2025-11-08,İhtiyaç Kredileri,25
2025-11-08,Getirfinans,21
2025-11-08,Diğer,19
2025-11-08,FX Market,18
2025-11-08,Kartlar,18
2025-11-09,Mobil Bankacılık,22
2025-11-09,FX Market,18
2025-11-09,Kripto Market,16
2025-11-09,Kurumsal Bankacılık,16
2025-11-09,Fon Market,15
2025-11-10,ATM,20
2025-11-10,FX Market,20
2025-11-10,Hızlı Para (KMH),19
2025-11-10,Kurumsal Bankacılık,18
2025-11-10,Kartlar,16
2025-11-11,Kampanyalar,22
2025-11-11,Kartlar,22
2025-11-11,Görüntülü Bankacılık,21
2025-11-11,Fon Market,19
2025-11-11,Çağrı Merkezi,19
2025-11-12,Kurumsal Bankacılık,23
2025-11-12,Borsa Market,19
2025-11-12,FX Market,19
2025-11-12,Şube,19
2025-11-12,Diğer,17
2025-11-13,Borsa Market,24
2025-11-13,Diğer,21
2025-11-13,Mobil Bankacılık,20
2025-11-13,ATM,19
2025-11-13,FX Market,18
2025-11-14,Kiraz (Vadeli Hesap),23
2025-11-14,FX Market,17
2025-11-14,Alışveriş Kredisi,16
2025-11-14,Hızlı Para (KMH),16
2025-11-14,Mobil Bankacılık,16
2025-11-15,ATM,17
2025-11-15,Çağrı Merkezi,17
2025-11-15,Kampanyalar,16
2025-11-15,Borsa Market,15
2025-11-15,Kartlar,15
2025-11-16,Borsa Market,21
2025-11-16,Kurumsal Bankacılık,18
2025-11-16,Şube,17
2025-11-16,Hızlı Para (KMH),16
2025-11-16,Kampanyalar,16
2025-11-17,Diğer,18
2025-11-17,Çağrı Merkezi,18
2025-11-17,FX Market,17
2025-11-17,Görüntülü Bankacılık,17
2025-11-17,Kiraz (Vadeli Hesap),17
2025-11-18,Kampanyalar,26
2025-11-18,Getirfinans,22
2025-11-18,Kartlar,20
2025-11-18,Alışveriş Kredisi,19
2025-11-18,Diğer,18
2025-11-19,Görüntülü Bankacılık,24
2025-11-19,Fon Market,22
2025-11-19,Kurumsal Bankacılık,21
2025-11-19,Kiraz (Vadeli Hesap),19
2025-11-19,İhtiyaç Kredileri,19
2025-11-20,İhtiyaç Kredileri,20
2025-11-20,FX Market,19
2025-11-20,Kiraz (Vadeli Hesap),19
2025-11-20,Görüntülü Bankacılık,17
2025-11-20,Kripto Market,17
2025-11-21,Borsa Market,20
2025-11-21,Alışveriş Kredisi,19
2025-11-21,Kartlar,18
2025-11-21,Görüntülü Bankacılık,17
2025-11-21,Fon Market,16
2025-11-22,ATM,20
2025-11-22,Şube,20
2025-11-22,Alışveriş Kredisi,17
2025-11-22,Kripto Market,17
2025-11-22,Banka,16
2025-11-23,Mobil Bankacılık,23
2025-11-23,Kartlar,20
2025-11-23,Fon Market,19
2025-11-23,Şube,19
2025-11-23,Banka,18
2025-11-24,Kiraz (Vadeli Hesap),21
2025-11-24,Çağrı Merkezi,18
2025-11-24,ATM,17
2025-11-24,Alışveriş Kredisi,16
2025-11-24,Banka,16
2025-11-25,Alışveriş Kredisi,23
2025-11-25,Banka,19
2025-11-25,Fon Market,17
2025-11-25,Kiraz (Vadeli Hesap),17
2025-11-25,Görüntülü Bankacılık,16
2025-11-26,Kampanyalar,20
2025-11-26,Şube,20
2025-11-26,Diğer,18
2025-11-26,Fon Market,18
2025-11-26,Getirfinans,18
2025-11-27,Alışveriş Kredisi,23
2025-11-27,Görüntülü Bankacılık,22
2025-11-27,Borsa Market,20
2025-11-27,Fon Market,19
2025-11-27,ATM,18
2025-11-28,Fon Market,25
2025-11-28,Alışveriş Kredisi,24
2025-11-28,Banka,20
2025-11-28,Kurumsal Bankacılık,20
2025-11-28,Şube,19
2025-11-29,Hızlı Para (KMH),22
2025-11-29,İhtiyaç Kredileri,21
2025-11-29,ATM,19
2025-11-29,Getirfinans,17
2025-11-29,Borsa Market,16
2025-11-30,Kampanyalar,28
2025-11-30,Alışveriş Kredisi,20
2025-11-30,Kiraz (Vadeli Hesap),20
2025-11-30,Kartlar,19
2025-11-30,Kripto Market,19
2025-12-01,Getirfinans,23
2025-12-01,Alışveriş Kredisi,22
2025-12-01,Borsa Market,19
2025-12-01,Çağrı Merkezi,19
2025-12-01,ATM,18
2025-12-02,İhtiyaç Kredileri,25
2025-12-02,Diğer,19
2025-12-02,Kripto Market,18
2025-12-02,ATM,17
2025-12-02,Şube,17
2025-12-03,Diğer,19
2025-12-03,FX Market,19
2025-12-03,Kartlar,19
2025-12-03,Kiraz (Vadeli Hesap),19
2025-12-03,Kurumsal Bankacılık,16
2025-12-04,Çağrı Merkezi,20
2025-12-04,İhtiyaç Kredileri,20
2025-12-04,Kampanyalar,19
2025-12-04,ATM,18
2025-12-04,Alışveriş Kredisi,16
2025-12-05,Kiraz (Vadeli Hesap),22
2025-12-05,Çağrı Merkezi,21
2025-12-05,Banka,19
2025-12-05,Getirfinans,19
2025-12-05,Görüntülü Bankacılık,19
2025-12-06,Fon Market,18
2025-12-06,FX Market,17
2025-12-06,Şube,16
2025-12-06,Görüntülü Bankacılık,15
2025-12-06,Hızlı Para (KMH),15
2025-12-07,Şube,22
2025-12-07,Kartlar,21
2025-12-07,Banka,20
2025-12-07,Mobil Bankacılık,20
2025-12-07,Alışveriş Kredisi,15
2025-12-08,ATM,19
2025-12-08,Görüntülü Bankacılık,19
2025-12-08,Diğer,18
2025-12-08,İhtiyaç Kredileri,18
2025-12-08,Hızlı Para (KMH),17
2025-12-09,Getirfinans,19
2025-12-09,Kurumsal Bankacılık,19
2025-12-09,FX Market,18
2025-12-09,Banka,17
2025-12-09,Diğer,17
2025-12-10,Kartlar,24
2025-12-10,ATM,23
2025-12-10,Borsa Market,22
2025-12-10,Fon Market,21
2025-12-10,Şube,19
2025-12-11,FX Market,22
2025-12-11,Kampanyalar,18
2025-12-11,Kartlar,18
2025-12-11,ATM,16
2025-12-11,Görüntülü Bankacılık,15
2025-12-12,Alışveriş Kredisi,21
2025-12-12,Borsa Market,19
2025-12-12,Banka,18
2025-12-12,Fon Market,18
2025-12-12,Mobil Bankacılık,17
2025-12-13,Kurumsal Bankacılık,22
2025-12-13,Mobil Bankacılık,21
2025-12-13,FX Market,20
2025-12-13,Kampanyalar,20
2025-12-13,Görüntülü Bankacılık,19
2025-12-14,FX Market,23
2025-12-14,Kiraz (Vadeli Hesap),18
2025-12-14,İhtiyaç Kredileri,16
2025-12-14,Banka,14
2025-12-14,Borsa Market,14
2025-12-15,Banka,19
2025-12-15,Kurumsal Bankacılık,19
2025-12-15,Çağrı Merkezi,19
2025-12-15,Kampanyalar,18
2025-12-15,Hızlı Para (KMH),17
2025-12-16,Kartlar,20
2025-12-16,İhtiyaç Kredileri,20
2025-12-16,Kampanyalar,19
2025-12-16,Getirfinans,18
2025-12-16,Görüntülü Bankacılık,17
2025-12-17,Getirfinans,22
2025-12-17,Kripto Market,22
2025-12-17,Kartlar,19
2025-12-17,ATM,18
2025-12-17,Görüntülü Bankacılık,18
2025-12-18,Borsa Market,21
2025-12-18,Kampanyalar,18
2025-12-18,Kripto Market,18
2025-12-18,Getirfinans,17
2025-12-18,Fon Market,16
2025-12-19,Fon Market,20
2025-12-19,Diğer,18
2025-12-19,FX Market,18
2025-12-19,Görüntülü Bankacılık,18
2025-12-19,Çağrı Merkezi,18
2025-12-20,Şube,24
2025-12-20,Çağrı Merkezi,20
2025-12-20,Alışveriş Kredisi,19
2025-12-20,Getirfinans,17
2025-12-20,Görüntülü Bankacılık,17
2025-12-21,ATM,18
2025-12-21,Diğer,18
2025-12-21,Kampanyalar,17
2025-12-21,Kripto Market,17
2025-12-21,Alışveriş Kredisi,16
2025-12-22,Diğer,21
2025-12-22,Görüntülü Bankacılık,21
2025-12-22,Borsa Market,20
2025-12-22,Kampanyalar,19
2025-12-22,Kurumsal Bankacılık,19
2025-12-23,Çağrı Merkezi,23
2025-12-23,ATM,21
2025-12-23,Görüntülü Bankacılık,20
2025-12-23,Banka,19
2025-12-23,Mobil Bankacılık,18
2025-12-24,Diğer,20
2025-12-24,Görüntülü Bankacılık,18
2025-12-24,Kripto Market,17
2025-12-24,FX Market,16
2025-12-24,Çağrı Merkezi,16
2025-12-25,Kripto Market,26
2025-12-25,Görüntülü Bankacılık,25
2025-12-25,Banka,22
2025-12-25,Hızlı Para (KMH),18
2025-12-25,Alışveriş Kredisi,16
2025-12-26,Kartlar,23
2025-12-26,Kripto Market,22
2025-12-26,ATM,19
2025-12-26,Banka,19
2025-12-26,Hızlı Para (KMH),19
2025-12-27,Getirfinans,23
2025-12-27,Kiraz (Vadeli Hesap),22
2025-12-27,Kampanyalar,21
2025-12-27,Fon Market,20
2025-12-27,FX Market,19
2025-12-28,Fon Market,22
2025-12-28,Kiraz (Vadeli Hesap),22
2025-12-28,FX Market,21
2025-12-28,İhtiyaç Kredileri,20
2025-12-28,Kurumsal Bankacılık,18
2025-12-29,ATM,21
2025-12-29,Borsa Market,21
2025-12-29,Diğer,19
2025-12-29,Şube,19
2025-12-29,Fon Market,18
2025-12-30,Getirfinans,19
2025-12-30,Hızlı Para (KMH),19
2025-12-30,Alışveriş Kredisi,16
2025-12-30,Çağrı Merkezi,16
2025-12-30,ATM,15
